"ID","PID","Title","keywords"
"B","0","Berlin",""
"BPr","B","Primarstufe",""
"BPrJ1/2","BPr","Jahrgangsstufen 1/2",""
"BJ1/2T1","BPrJ1/2","Themenfeld 'Form und Veränderung'",""
"BJ1/2T1RV","BJ1/2T1","Raumvorstellung entwickeln","figure_and_area; "
"BJ1/2T1KEF","BJ1/2T1","Körper und ebene Figuren","Sphere; Cube; Cuboid; Right_parallelepiped; Triangle; Draw_isosceles_triangle; Quadrilateral;  Know_quadrilateral; Rectangle; Square; Construct_square; Know_circle; Circle; Vertex; Edge; Segment; Point; "
"BJ1/2T1ZB","BJ1/2T1","Zahlbegriff","Number_line; Represent_numbers_on_number_line; Numerical_operation; represent_numbers; solid_number_sense;"
"BJ1/2T1ZD","BJ1/2T1","Zeichnen und darstellen","Construct_isosceles_triangle_using_graduated_ruler_and_compass; Ruler; Graduated_ruler;Construct_isosceles_triangle_using_graduated_ruler_and_compass; Set_square; "
"BJ1/2T1Sy","BJ1/2T1","Symmetrie","Reflection; Construct_completion_of_a_reflected_figure_in_a_reflection_in_a_point; Construct_completion_of_the_reflected_figure_in_a_reflection_in_a_line; Symmetry; Congruent; patterns_and_structures; "
"BJ1/2T2","BPrJ1/2","Themenfeld 'Zahlen und Operationen'",""
"BJ1/2T2ZR100","BJ1/2T2","Zahlenraum bis 100","Number_line; Represent_numbers_on_number_line; Numerical_operation; represent_numbers; solid_number_sense;Represent_approximately_numbers_on_number_line; "
"BJ1/2T2Gl","BJ1/2T2","Gleichungen","Set_up_an_equation_for_a_word_problem"
"BJ1/2T2RO","BJ1/2T2","Rechenoperationen","Addition; Subtraction; Multiplication; Division; fundamental_arithmetic_operations; "
"BJ1/2T3","BPrJ1/2","Themenfeld 'Größen und Messen'",""
"BJ1/2T3GE","BJ1/2T3","Größen und Einheiten","Use_representations; magnitudes_and_measurements; Magnitude; Apply_mathematics_in_a_wide_range_of_contexts; Unit; Calculate_by_changing_units;  Use_units_in_calculations_of_magnitudes; Length; Time; Mass; "
"BJ1/2T3M","BJ1/2T3","Messen","magnitudes_and_measurements"
"BJ1/2T4","BPrJ1/2","Themenfeld 'Daten und Zufall'",""
"BJ1/2T4DE","BJ1/2T4","Daten erfassen","Data; Data_collect; Collect_data; Read_data_from_table; Use_data_from_table; "
"BJ1/2T4TBD","BJ1/2T4","Tabelle und Bilder und Diagramme","Represent_data_in_a_diagram; Represent_dataRead_data; Table; Table_with_several_columns; Use_data_from_table"
"BPrJ3/4","BPr","Jahrgangsstufen 3/4",""
"BJ3/4T1","BPrJ3/4","Themenfeld 'Form und Veränderung'",""
"BJ3/4T1KN","BJ3/4T1","Körpernetze","Net_of_a_solid; Manipulate_nets_of_solid_objects; Interpret_net_of_cube; "
"BJ3/4T1LB","BJ3/4T1","Lagebeziehungen","Parallel; Know_parallelism_of_faces_in_solids; Know_parallelism_of_edges; Intersect; Orthogonal; Relationship; "
"BJ3/4T1KeF","BJ3/4T1","Körper und ebene Figuren","Right_angle; Sphere; Cube; Cuboid; Right_parallelepiped; Triangle; Draw_isosceles_triangle; Quadrilateral;  Know_quadrilateral; Rectangle; Square; Construct_square; Know_circle; Circle; Vertex; Edge; Segment; Point; Compass; Construct_kite_using_graduated_ruler_and_compass; Construct_figure_with_ruler_and_compass; Pyramid; Cone; Cylinder; Parallelogram; Rhombus; Know_definition_of_square_rectangle_rhombus;  Know_rhombus_properties; Trapezoid; Polygon; "
"BJ3/4T1Sy","BJ3/4T1","Symmetrie","Polyhedron_movement; Movement; Use_translation_properties; Rotation; "
"BJ3/4T1FFU","BJ3/4T1","Fläche und Flächeninhalt und Umfang","Area; Base; Know_base_of_revolution_cylinder; Compare_areas; "
"BJ3/4T2","BPrJ3/4","Themenfeld 'Zahlen und Operationen'",""
"BJ3/4T2NZ","BJ3/4T2","Natürliche Zahlen","Natural_number; Use_place_value_to_multiply_or_divide_whole_numbers_and_decimal_numbers; Use_place_value_of_digits_in_the_writing_of_a_natural_or_decimal_number; Know_place_value_of_digits_in_the_writing_of_natural_or_decimal_number; Numerical_operation; Know_numerical_operations_and_inverse_operations; Remainder; "
"BJ3/4T2VTT","BJ3/4T2","Vielfache und Teiler und Teilbarkeit","Divisor; Know_divisibility_criteria_by_2_5_10; Use_divisibility_criteria_by_2_5_10;"
"BJ3/4T3","BPrJ3/4","Themenfeld 'Größen und Messen'",""
"BJ3/4T3GE","BJ3/4T3","Größen und Einheiten","Calculate_change_of_units_for_lengths; Calculate_change_of_units_for_mass; Volume; Decimal_number; Use_representations; magnitudes_and_measurements; Magnitude; Apply_mathematics_in_a_wide_range_of_contexts; Unit; Calculate_by_changing_units;  Use_units_in_calculations_of_magnitudes; Length; Time; Mass; "
"BJ3/4T4","BPrJ3/4","Themenfeld 'Daten und Zufall'",""
"BJ3/4T4DE","BJ3/4T4","Daten erfassen","Data; Data_collect; Collect_data; Read_data_from_table; Use_data_from_table; "
"BJ3/4T4TBD","BJ3/4T4","Tabelle und Bilder und Diagramme","Represent_data_in_a_diagram; Represent_dataRead_data; Table; Table_with_several_columns; Use_data_from_table; Tree_diagram; "
"BJ3/4T4ZW","BJ3/4T4","Zufall und Wahrscheinlichkeit","Randomness; verbalize_random_processes; "
"BPrJ5/6","BPr","Jahrgangsstufen 5/6",""
"BJ4/5T1","BPrJ5/6","Themenfeld 'Form und Veränderung'",""
"BJ4/5T1Koo","BJ4/5T1","Koordinaten","Point_in_coordinate_system; Coordinates;  Read_coordinates; "
"BJ4/5T1KN","BJ4/5T1","Körpernetze","Construct_net_of_a_solid; Net_of_a_solid; Manipulate_nets_of_solid_objects; Interpret_net_of_cube; "
"BJ4/5T1W","BJ4/5T1","Winkel","Angle_fig; Apex; "
"BJ4/5T1DG","BJ4/5T1","Dynamische Geometrie","Dynamic_interactive_geometry_environments; Use_properties_to_make_constructions; "
"BJ4/5T1KDV","BJ4/5T1","Klassifizieren von Dreiecken und Vierecken und Winkel","Know_isosceles_triangle_properties; Know_right_angled_triangle_properties; Know_angle_properties_of_isosceles_equilateral_right_angled_triangle; Know_equilateral_triangle_properties; Equilateral-Triangle; Basic_properties_of_triangles; Right-Triangle; Triangle; Isosceles_Triangle; Know_angle_bisector; Know_angle_bisector_definition; Use_language_associated_with_angles; CorrespondingAngle; Planar.angle; Right_angle; Angle_fig; AcuteAngle; ObtuseAngle; Basic_properties_of_quadrangles; Quadrilateral; Know_quadrilateral; Know_properties_of_quadrilaterals;"
"BJ4/5T1SK","BJ4/5T1","Symmetrie und Kongruenz","Polyhedron_movement; Movement; Use_translation_properties; Rotation; Construct_reflected_figure_in_a_reflection_in_a_line; Construct_completion_of_the_reflected_figure_in_a_reflection_in_a_line; Construct_reflected_point_in_reflection_in_a_line; Construct_completion_of_a_reflected_figure_in_a_reflection_in_a_point; Understand_congruence; "
"BJ4/5T1UQ","BJ4/5T1","Umfang und Flächeninhalt von Quadrat und Rechteck","Circumference; Perimeter; Formula_for_area; Understand_formula_of_area_of_rectangle; "
"BJ4/5T1VW","BJ4/5T1","Volumen von Würfel und Quader","Volume; Capacity; Know_volume_of_cubeUse_formula_of_volume; "
"BJ4/5T2","BPrJ5/6","Themenfeld 'Zahlen und Operationen'",""
"BJ4/5T2TB","BJ4/5T2","Teilbarkeit","Know_divisibility_criteria_by_3_4_9;  Use_divisibility_criteria_by_3_4_9;  Divisor; "
"BJ4/5T2Q","BJ4/5T2","Quadratzahlen","Square_Number; Know_square_numbers; Identify_square_numbers; "
"BJ4/5T2BZ","BJ4/5T2","Bruchzahlen","Fraction; Know_that_every_decimal_number_can_be_written_as_quotient; Calculate_sum_of_fractions; Compare_two_numbers_given_as_fractions; Calculate_on_fractions; Calculate_subtraction_of_fractions; Know_that_a_over_b_can_be_approximated_by_decimal_number; Calculate_product_of_two_positive_fractions; Calculate_division_of_fractions; "
"BJ4/5T2Pr","BJ4/5T2","Proportionalität","Constant_of_proportionality; Proportional; Understand_direct_proportion;  Use_spreadsheet_in_proportionality_problems;"
"BJ4/5T3","BPrJ5/6","Themenfeld 'Größen und Messen'",""
"BJ4/5T3G","BJ4/5T3","Größen","magnitudes_and_measurements; Calculate_change_of_units_for_lengths; Calculate_change_of_units_for_mass; Volume; Decimal_number; Use_representations; magnitudes_and_measurements; Magnitude; Apply_mathematics_in_a_wide_range_of_contexts; Unit; Calculate_by_changing_units;  Use_units_in_calculations_of_magnitudes; Length; Time; Mass; "
"BJ4/5T3UD","BJ4/5T3","Flächeninhalt und Umfang von Dreiecken und Rechtecken","Formula_for_area; Understand_formula_of_area_of_rectangle; Calculate_area_of_figures_made_of_rectangles_and_right_triangles; Calculate_area_of_right_angled_triangle; Calculate_area_of_triangle; "
"BJ4/5T4","BPrJ5/6","Themenfeld 'Daten und Zufall'",""
"BJ4/5T4DE","BJ4/5T4","Daten erfassen","Data; Data_collect; Collect_data; Read_data_from_table; Use_data_from_table; "
"BJ4/5T4AM","BJ4/5T4","Arithmetisches Mittel","Mean"
"","","",""
"","","",""
"BSek1","B","Sekundarstufe I",""
"BSek1Kl8","BSek1","Klasse 8",""
"BSek1Kl8Z","BSek1Kl8","Leitidee 'Zahl'",""
"B8ZEinfach","BSek1Kl8Z","Einfacher Standard",""
"B8ZEinfachNG","B8ZEinfach","Natürliche und Ganze Zahlen","Natural_number; Integer; Calculate_result_of_multiplication_by_10_100_1000;"
"B8ZEinfachBr","B8ZEinfach","Brüche","Fraction; Calculate_division_of_fractions; Calculate_product_of_two_positive_fractions; Use_equivalence_between_decimals_fractions_percentages; Know_that_a_over_b_can_be_approximated_by_decimal_number; Calculate_product_of_two_fractions_with_numerator_and_denominators_positive_or_negative_decimal_numbers; Compare_two_postive_or_negative_fractions_or_decimal_numbers; Calculate_subtraction_of_fractions; Describe_proportions_by_simple_fractions_or_percentages; Calculate_on_fractions; Calculate_sum_of_fractions; Know_that_every_decimal_number_can_be_written_as_quotient;"
"B8ZEinfachDez","B8ZEinfach","Dezimalzahlen","Decimal_number; Know_that_every_decimal_number_can_be_written_as_quotient; Use_equivalence_between_decimals_fractions_percentages; "
"B8ZErweitertKo","B8ZEinfach","Kopfrechnen","Calculate_product_or_quotient_mentally; Calculate_mentally; Predict_results_using_mental_calculation; Calculate_mentally_the_number_to_add_for_finding_a_given_result; Calculate_mentally_double_half_triple_third_of_natural_and_decimal_numbers; Calculate_mentally_quotient_and_remainder_of_division_in_simple_cases; Calculate_mentally_the_number_to_subtract_for_finding_a_given_result; Calculate_mentally_the_number_to_multiply_for_finding_a_given_result; "
"B8ZEinfachSR","B8ZEinfach","Sinnvoll Runden","Estimate_by_rouding_to_one_significant_figure"
"B8ZEinfach10","B8ZEinfach","Zehnerpotenzen","Power; Calculate_with_powers_roots_numbers_in_standard_form;"
"B8ZEinfachTas","B8ZEinfach","Taschenrechner verwenden","Calculator; Know_how_calculators_use_precedence; Use_calculators; Calculate_square_root_of_positive_number_with_calculator; Solve_numerical_problems_with_numbers_of_any_size_using_calculator_appropriately;"
"B8ZEinfachPZ","B8ZEinfach","Prozente und Zinsen","Apply_percentage; Use_percentage; "
"B8ZEinfachVG","B8ZEinfach","Variablen und Gleichungen","Use_expressions_with_letters; Equations; Solve_problems_using_linear_equation; Manipulate_equations; "
"B8ZMittel","BSek1Kl8Z","Mittlerer Standard",""
"B8ZMittelNG","B8ZMittel","Natürliche und Ganze Zahlen","Natural_number; Integer; Calculate_result_of_multiplication_by_10_100_1000;"
"B8ZMittelBr","B8ZMittel","Brüche","Fraction; Calculate_division_of_fractions; Calculate_product_of_two_positive_fractions; Use_equivalence_between_decimals_fractions_percentages; Know_that_a_over_b_can_be_approximated_by_decimal_number; Calculate_product_of_two_fractions_with_numerator_and_denominators_positive_or_negative_decimal_numbers; Compare_two_postive_or_negative_fractions_or_decimal_numbers; Calculate_subtraction_of_fractions; Describe_proportions_by_simple_fractions_or_percentages; Calculate_on_fractions; Calculate_sum_of_fractions; Know_that_every_decimal_number_can_be_written_as_quotient;"
"B8ZMittelKo","B8ZMittel","Kopfrechnen","Calculate_product_or_quotient_mentally; Calculate_mentally; Predict_results_using_mental_calculation; Calculate_mentally_the_number_to_add_for_finding_a_given_result; Calculate_mentally_double_half_triple_third_of_natural_and_decimal_numbers; Calculate_mentally_quotient_and_remainder_of_division_in_simple_cases; Calculate_mentally_the_number_to_subtract_for_finding_a_given_result; Calculate_mentally_the_number_to_multiply_for_finding_a_given_result; "
"B8ZMittelSR","B8ZMittel","Sinnvoll Runden","Estimate_by_rouding_to_one_significant_figure"
"B8ZMittelDez","B8ZMittel","Dezimalzahlen","Decimal_number; Know_that_every_decimal_number_can_be_written_as_quotient; Use_equivalence_between_decimals_fractions_percentages; "
"B8ZMittel10","B8ZMittel","Zehnerpotenzen","Power; Calculate_with_powers_roots_numbers_in_standard_form;"
"B8ZMittelTasc","B8ZMittel","Taschenrechner verwenden","Calculator; Know_how_calculators_use_precedence; Use_calculators; Calculate_square_root_of_positive_number_with_calculator; Solve_numerical_problems_with_numbers_of_any_size_using_calculator_appropriately;"
"B8ZMittelPZ","B8ZMittel","Prozente und Zinsen","Apply_percentage; Use_percentage; "
"B8ZMittelVG","B8ZMittel","Variablen und Gleichungen","Use_expressions_with_letters; Equations; Solve_problems_using_linear_equation; Manipulate_equations; Explore_situation_or_problem; Use_variables"
"B8ZErweitert","BSek1Kl8Z","Erweiterter Standard",""
"B8ZErweitertNG","B8ZErweitert","Natürliche und Ganze Zahlen","Natural_number; Integer; Calculate_result_of_multiplication_by_10_100_1000;"
"B8ZErweitertBr","B8ZErweitert","Brüche","Fraction; Calculate_division_of_fractions; Calculate_product_of_two_positive_fractions; Use_equivalence_between_decimals_fractions_percentages; Know_that_a_over_b_can_be_approximated_by_decimal_number; Calculate_product_of_two_fractions_with_numerator_and_denominators_positive_or_negative_decimal_numbers; Compare_two_postive_or_negative_fractions_or_decimal_numbers; Calculate_subtraction_of_fractions; Describe_proportions_by_simple_fractions_or_percentages; Calculate_on_fractions; Calculate_sum_of_fractions; Know_that_every_decimal_number_can_be_written_as_quotient;"
"B8ZErweitertDez","B8ZErweitert","Dezimalzahlen","Decimal_number; Know_that_every_decimal_number_can_be_written_as_quotient; Use_equivalence_between_decimals_fractions_percentages; "
"B8ZErweitertKo","B8ZErweitert","Kopfrechnen","Calculate_product_or_quotient_mentally; Calculate_mentally; Predict_results_using_mental_calculation; Calculate_mentally_the_number_to_add_for_finding_a_given_result; Calculate_mentally_double_half_triple_third_of_natural_and_decimal_numbers; Calculate_mentally_quotient_and_remainder_of_division_in_simple_cases; Calculate_mentally_the_number_to_subtract_for_finding_a_given_result; Calculate_mentally_the_number_to_multiply_for_finding_a_given_result; "
"B8ZErweitertSR","B8ZErweitert","Sinnvoll Runden","Estimate_by_rouding_to_one_significant_figure"
"B8ZErweitert10","B8ZErweitert","Zehnerpotenzen","Power; Calculate_with_powers_roots_numbers_in_standard_form;"
"B8ZErweitertTasc","B8ZErweitert","Taschenrechner verwenden","Calculator; Know_how_calculators_use_precedence; Use_calculators; Calculate_square_root_of_positive_number_with_calculator; Solve_numerical_problems_with_numbers_of_any_size_using_calculator_appropriately;"
"B8ZErweitertPZ","B8ZErweitert","Prozente und Zinsen","Apply_percentage; Use_percentage;"
"B8ZErweitertVG","B8ZErweitert","Variablen und Gleichungen","Use_expressions_with_letters; Equations; Solve_problems_using_linear_equation; Manipulate_equations; Explore_situation_or_problem; Use_variables; solve_inequalities"
"BSek1Kl8M","BSek1Kl8","Leitidee 'Messen'",""
"B8MEinfach","BSek1Kl8M","Einfacher Standard",""
"B8MEinfachMG","B8MEinfach","Messen und Größen","magnitudes_and_measurements; Control_appropriateness_and_accuracy_of_results; Time; Calculate_time; Calculate_duration; Mass; Calculate_change_of_units_for_mass; Calculate_lengths; Length_unit; Calculate_change_of_units_for_lengths; Compare_lengths; Area; Base; Compare_areas; Measure_area; Estimate_areas_in_2D; Measure_volume; Estimate_measure; "
"B8MEinfachFU","B8MEinfach","Flächeninhalt und Umfang","Formula_for_area; Calculate_area_of_triangle; Calculate_area_of_right_angled_triangle; Understand_formula_of_area_of_rectangle; Circumference; Perimeter; Compare_perimeters; "
"B8MEinfachVO","B8MEinfach","Volumen und Oberfläche","Volume; Calculate_volume_of_right_prism; Use_formula_of_volume; Know_volume_of_right_cylinder; Know_volume_of_cube; "
"B8MEinfachW","B8MEinfach","Winkel","CorrespondingAngle; Planar.angle; Right_angle; Angle_fig; AcuteAngle; ObtuseAngle; understand180IsSumOfAnglesOfTriangle; ToMeasure_with_protractor_an_angle; Use_theorem_about_the_sum_of_the_angles_in_triangle; Construct_angle_with_given_measure_with_protractor; Protractor; Estimate_measure; "
"B8MMittel","BSek1Kl8M","Mittlerer Standard",""
"B8MMittelMG","B8MMittel","Messen und Größen","magnitudes_and_measurements; Control_appropriateness_and_accuracy_of_results; Time; Calculate_time; Calculate_duration; Mass; Calculate_change_of_units_for_mass; Calculate_lengths; Length_unit; Calculate_change_of_units_for_lengths; Compare_lengths; Area; Base; Compare_areas; Measure_area; Estimate_areas_in_2D; Measure_volume; Estimate_measure;"
"B8MMittelFU","B8MMittel","Flächeninhalt und Umfang","Formula_for_area; Calculate_area_of_triangle; Calculate_area_of_right_angled_triangle; Understand_formula_of_area_of_rectangle; Circumference; Perimeter; Compare_perimeters; Calculate_area_of_figures_made_of_rectangles_and_right_triangles; "
"B8MMittelVO","B8MMittel","Volumen und Oberfläche","Volume; Calculate_volume_of_right_prism; Use_formula_of_volume; Know_volume_of_right_cylinder; Know_volume_of_cube;"
"B8MMittelW","B8MMittel","Winkel","CorrespondingAngle; Planar.angle; Right_angle; Angle_fig; AcuteAngle; ObtuseAngle; understand180IsSumOfAnglesOfTriangle; ToMeasure_with_protractor_an_angle; Use_theorem_about_the_sum_of_the_angles_in_triangle; Construct_angle_with_given_measure_with_protractor; Protractor; Estimate_measure;"
"B8MErweitert","BSek1Kl8M","Erweiterter Standard",""
"B8MErweitertMG","B8MErweitert","Messen und Größen","magnitudes_and_measurements; Control_appropriateness_and_accuracy_of_results; Time; Calculate_time; Calculate_duration; Mass; Calculate_change_of_units_for_mass; Calculate_lengths; Length_unit; Calculate_change_of_units_for_lengths; Compare_lengths; Area; Base; Compare_areas; Measure_area; Estimate_areas_in_2D; Measure_volume; Estimate_measure;"
"B8MErweitertFU","B8MErweitert","Flächeninhalt und Umfang","Formula_for_area; Calculate_area_of_triangle; Calculate_area_of_right_angled_triangle; Understand_formula_of_area_of_rectangle; Circumference; Perimeter; Compare_perimeters; Calculate_area_of_figures_made_of_rectangles_and_right_triangles; Decompose_polyhedron; "
"B8MErweitertVO","B8MErweitert","Volumen und Oberfläche","Volume; Calculate_volume_of_right_prism; Use_formula_of_volume; Know_volume_of_right_cylinder; Know_volume_of_cube;"
"B8MErweitertW","B8MErweitert","Winkel","CorrespondingAngle; Planar.angle; Right_angle; Angle_fig; AcuteAngle; ObtuseAngle; understand180IsSumOfAnglesOfTriangle; ToMeasure_with_protractor_an_angle; Use_theorem_about_the_sum_of_the_angles_in_triangle; Construct_angle_with_given_measure_with_protractor; Protractor; Estimate_measure;"
"BSek1Kl8R","BSek1Kl8","Leitidee 'Raum und Form'",""
"B8REinfach","BSek1Kl8R","Einfacher Standard",""
"B8REinfachW","B8REinfach","Winkel","Use_theorem_about_the_sum_of_the_angles_in_triangle; Reproduce_angle; Transfer_an_angle; Construct_angle_with_given_measure_with_protractor; Angle_fig; "
"B8REinfachS","B8REinfach","geometrische Strukturen","patterns_and_structures; Use_basic_geometry_to_describe_real_world; "
"B8REinfachFig","B8REinfach","Eigenschaften ebener Figuren","Simple_figure; Analyze_simple_figure; Symmetry; Understand_congruence; "
"B8REinfachAK","B8REinfach","Analysieren und Klassifizieren von Winkeln und Dreiecken und Vierecken","Know_isosceles_triangle_properties; Know_right_angled_triangle_properties; Know_angle_properties_of_isosceles_equilateral_right_angled_triangle; Know_equilateral_triangle_properties; Equilateral-Triangle; Basic_properties_of_triangles; Right-Triangle; Triangle; Isosceles_Triangle; Know_angle_bisector; Know_angle_bisector_definition; Use_language_associated_with_angles; CorrespondingAngle; Planar.angle; Right_angle; Angle_fig; AcuteAngle; ObtuseAngle; Basic_properties_of_quadrangles; Quadrilateral; Know_quadrilateral; Know_properties_of_quadrilaterals; "
"B8REinfachKDr","B8REinfach","Konstruktion von Dreiecken (mit Hilfsmitteln)","Construct_isosceles_triangle_using_graduated_ruler_and_compass; Use_theorem_about_the_sum_of_the_angles_in_triangle; Reproduce_isosceles_triangle; Construct_triangle_with_given_ASA; Reproduce_equilateral_triangle; Reproduce_a_rightangled_triangle; Draw_isosceles_triangle; Construct_triangle_with_given_SAS; Construct_right_angled_triangle_using_graduated_ruler_and_compass; Construct_equilateral_triangle_using_graduated_ruler_and_compass; Construct_equilateral_triangle; Construct_RightAngledTriangle; Compass; Graduated_ruler; Ruler;  Set_square; Dynamic_interactive_geometry_environments; "
"B8REinfachMod","B8REinfach","Modellierungsaufgaben","Real_world_representation; Model_a_situation_using_geometry; Real_world_problem; "
"B8REinfachSä","B8REinfach","Sätze ebener Geometrie","Theorem; use_intercepttheorem_to_check_relations; Know_Pythagoras_theorem; Use_proportionality_of_sidelengths_of_triangles_in_particular_configuration; Understand_Pythagoras_theorem; Use_Pythagoras_theorem_to_obtain_magnitudes; "
"B8REinfachKoo","B8REinfach","Koordinatensystem","Point_in_coordinate_system; Origin_of_coordinates;  Plane_in_coordinate_system; Line_in_coordinate_system; "
"B8RMittel","BSek1Kl8R","Mittlerer Standard",""
"B8RMittelW","B8RMittel","Winkel","Use_theorem_about_the_sum_of_the_angles_in_triangle; Reproduce_angle; Transfer_an_angle; Construct_angle_with_given_measure_with_protractor; Angle_fig; "
"B8RMittelS","B8RMittel","geometrische Strukturen","patterns_and_structures; Use_basic_geometry_to_describe_real_world; "
"B8RMittelFig","B8RMittel","Eigenschaften ebener Figuren","Simple_figure; Analyze_simple_figure; Symmetry; Understand_congruence; "
"B8RMittelAK","B8RMittel","Analysieren und Klassifizieren von Winkeln und Dreiecken und Vierecken","Know_isosceles_triangle_properties; Know_right_angled_triangle_properties; Know_angle_properties_of_isosceles_equilateral_right_angled_triangle; Know_equilateral_triangle_properties; Equilateral-Triangle; Basic_properties_of_triangles; Right-Triangle; Triangle; Isosceles_Triangle; Know_angle_bisector; Know_angle_bisector_definition; Use_language_associated_with_angles; CorrespondingAngle; Planar.angle; Right_angle; Angle_fig; AcuteAngle; ObtuseAngle; Basic_properties_of_quadrangles; Quadrilateral; Know_quadrilateral; Know_properties_of_quadrilaterals; "
"B8RMittelKDr","B8RMittel","Konstruktion von Dreiecken (mit Hilfsmitteln)","Construct_isosceles_triangle_using_graduated_ruler_and_compass; Use_theorem_about_the_sum_of_the_angles_in_triangle; Reproduce_isosceles_triangle; Construct_triangle_with_given_ASA; Reproduce_equilateral_triangle; Reproduce_a_rightangled_triangle; Draw_isosceles_triangle; Construct_triangle_with_given_SAS; Construct_right_angled_triangle_using_graduated_ruler_and_compass; Construct_equilateral_triangle_using_graduated_ruler_and_compass; Construct_equilateral_triangle; Construct_RightAngledTriangle; Compass; Graduated_ruler; Ruler;  Set_square; Dynamic_interactive_geometry_environments; "
"B8RMittelMod","B8RMittel","Modellierungsaufgaben","Real_world_representation; Model_a_situation_using_geometry; Real_world_problem; "
"B8RMittelSä","B8RMittel","Sätze ebener Geometrie","Theorem; use_intercepttheorem_to_check_relations; Know_Pythagoras_theorem; Use_proportionality_of_sidelengths_of_triangles_in_particular_configuration; Understand_Pythagoras_theorem; Use_Pythagoras_theorem_to_obtain_magnitudes; exploreThalesCircleTheorem; Know_Thales_Circle_theorem; Know_converse_of_Thales_Circle_theorem; illustrateThalesCircleTheorem; "
"B8RMittelKoo","B8RMittel","Koordinatensystem","Point_in_coordinate_system; Origin_of_coordinates;  Plane_in_coordinate_system; Line_in_coordinate_system;"
"B8RErweitert","BSek1Kl8R","Erweiterter Standard",""
"B8RErweitertW","B8RErweitert","Winkel","Use_theorem_about_the_sum_of_the_angles_in_triangle; Reproduce_angle; Transfer_an_angle; Construct_angle_with_given_measure_with_protractor; Angle_fig; "
"B8RErweitertS","B8RErweitert","geometrische Strukturen","patterns_and_structures; Use_basic_geometry_to_describe_real_world; "
"B8RErweitertFig","B8RErweitert","Eigenschaften ebener Figuren","Simple_figure; Analyze_simple_figure; Symmetry; Understand_congruence; "
"B8RErweitertAK","B8RErweitert","Analysieren und Klassifizieren von Winkeln und Dreiecken und Vierecken","Know_isosceles_triangle_properties; Know_right_angled_triangle_properties; Know_angle_properties_of_isosceles_equilateral_right_angled_triangle; Know_equilateral_triangle_properties; Equilateral-Triangle; Basic_properties_of_triangles; Right-Triangle; Triangle; Isosceles_Triangle; Know_angle_bisector; Know_angle_bisector_definition; Use_language_associated_with_angles; CorrespondingAngle; Planar.angle; Right_angle; Angle_fig; AcuteAngle; ObtuseAngle; Basic_properties_of_quadrangles; Quadrilateral; Know_quadrilateral; Know_properties_of_quadrilaterals; "
"B8RErweitertKDr","B8RErweitert","Konstruktion von Dreiecken (mit Hilfsmitteln)","Construct_isosceles_triangle_using_graduated_ruler_and_compass; Use_theorem_about_the_sum_of_the_angles_in_triangle; Reproduce_isosceles_triangle; Construct_triangle_with_given_ASA; Reproduce_equilateral_triangle; Reproduce_a_rightangled_triangle; Draw_isosceles_triangle; Construct_triangle_with_given_SAS; Construct_right_angled_triangle_using_graduated_ruler_and_compass; Construct_equilateral_triangle_using_graduated_ruler_and_compass; Construct_equilateral_triangle; Construct_RightAngledTriangle; Compass; Graduated_ruler; Ruler;  Set_square; Dynamic_interactive_geometry_environments; "
"B8RErweitertMod","B8RErweitert","Modellierungsaufgaben","Real_world_representation; Model_a_situation_using_geometry; Real_world_problem; "
"B8RErweitertSa","B8RErweitert","Sätze ebener Geometrie","Theorem; use_intercepttheorem_to_check_relations; Know_Pythagoras_theorem; Use_proportionality_of_sidelengths_of_triangles_in_particular_configuration; Understand_Pythagoras_theorem; Use_Pythagoras_theorem_to_obtain_magnitudes; exploreThalesCircleTheorem; Know_Thales_Circle_theorem; Know_converse_of_Thales_Circle_theorem; illustrateThalesCircleTheorem; Use_converse_of_Pythagoras_theorem; Know_Intercept_Theorem_converse; Proof; "
"B8RErweitertKoo","B8RErweitert","Koordinatensystem","Point_in_coordinate_system; Origin_of_coordinates;  Plane_in_coordinate_system; Line_in_coordinate_system;"
"BSek1Kl8F","BSek1Kl8","Leitidee 'Funktionaler Zusammenhang'",""
"B8FEinfach","BSek1Kl8F","Einfacher Standard",""
"B8FEinfachZ","B8FEinfach","Zusammenhänge","Express_math_dependencies;  Proportional; Relationship; Understand_direct_proportion;  Understand_inverse_proportion; Distinguish_proportionality_problems_from_non_proportionality_problems; Proportional;  Inverse_proportionality_relation; "
"B8FEinfachD","B8FEinfach","Darstellungsformen verwenden","Graphical_display_of_data; Geometric_Representation; Graphical_Representation; Use_graphical_display_of_data; "
"B8FEinfachP","B8FEinfach","Prozentrechnung","Percentage; Use_percentage_in_simple_cases; Know_meaning_of_percentage;  Use_percentage; Apply_percentage; "
"B8FEinfachGl","B8FEinfach","Lineare Gleichungen und Gleichungssysteme","Linear_Equation; Solve_graphically_linear_equation; Solve_linear_equation_with_whole_number_coefficients; Solve_graphically_linear_equation_by_giving_approximate_solution; Linear_equations_system; Solve_graphically_system_of_equations"
"B8FEinfachF","B8FEinfach","lineare Funktionen","Interpret_graph; describe_qualitatively_real_world_plots; Local_and_global_description_of_a_plot;  Linear_function; Graph_of_a_function; "
"B8FMittel","BSek1Kl8F","Mittlerer Standard",""
"B8FMittelZ","B8FMittel","Zusammenhänge","Express_math_dependencies;  Proportional; Relationship; Understand_direct_proportion;  Understand_inverse_proportion; Distinguish_proportionality_problems_from_non_proportionality_problems; Proportional;  Inverse_proportionality_relation; plot_a_function_formula; Linear_expression; "
"B8FMittelD","B8FMittel","Darstellungsformen verwenden","Graphical_display_of_data; Geometric_Representation; Graphical_Representation; Use_graphical_display_of_data;"
"B8FMittelP","B8FMittel","Prozentrechnung","Percentage; Use_percentage_in_simple_cases; Know_meaning_of_percentage;  Use_percentage; Apply_percentage;"
"B8FMittelGl","B8FMittel","Lineare Gleichungen und Gleichungssysteme","Linear_Equation; Solve_graphically_linear_equation; Solve_linear_equation_with_whole_number_coefficients; Solve_graphically_linear_equation_by_giving_approximate_solution; Linear_equations_system; Solve_graphically_system_of_equations; Solve_problems_using_linear_equation; "
"B8FMittelF","B8FMittel","lineare Funktionen","Interpret_graph; describe_qualitatively_real_world_plots; Local_and_global_description_of_a_plot;  Linear_function; Graph_of_a_function;"
"B8FErweitert","BSek1Kl8F","Erweiterter Standard",""
"B8FErweitertZ","B8FErweitert","Zusammenhänge","Express_math_dependencies;  Proportional; Relationship; Understand_direct_proportion;  Understand_inverse_proportion; Distinguish_proportionality_problems_from_non_proportionality_problems; Proportional;  Inverse_proportionality_relation; plot_a_function_formula; Formula_of_a_function; Linear_expression; "
"B8FErweitertD","B8FErweitert","Darstellungsformen verwenden","Graphical_display_of_data; Geometric_Representation; Graphical_Representation; Use_graphical_display_of_data;"
"B8FErweitertP","B8FErweitert","Prozentrechnung","Percentage; Use_percentage_in_simple_cases; Know_meaning_of_percentage;  Use_percentage; Apply_percentage;"
"B8FErweitertGl","B8FErweitert","Lineare Gleichungen und Ungleichungen und Gleichungssysteme","Linear_Equation; Solve_graphically_linear_equation; Solve_linear_equation_with_whole_number_coefficients; Solve_graphically_linear_equation_by_giving_approximate_solution; Linear_equations_system; Solve_graphically_system_of_equations; Solve_problems_using_linear_equation; Solve_linear_inequation_with_whole_number_coefficients; solve_inequalities; "
"B8FErweitertF","B8FErweitert","lineare Funktionen","Interpret_graph; describe_qualitatively_real_world_plots; Local_and_global_description_of_a_plot;  Linear_function; Graph_of_a_function;"
"BSek1Kl8D","BSek1Kl8","Leitidee 'Daten und Zufall'",""
"B8DEinfach","BSek1Kl8D","Einfacher Standard",""
"B8DEinfachA","B8DEinfach","Auswertung von Daten","Interpret_mathematics_presented_in_a_range_of_forms; Graphical_display_of_data; Graphical_Representation; Data_analysis;  Statistical_data; Analyze_data; Read_data_from_table; Interpret_results_of_data_analysis"
"B8DEinfachD","B8DEinfach","Daten erfassen","Use_graphical_display_of_data; Represent_data; Represent_data_in_a_diagram; Use_spreadsheet_to_represent_data; Data_collect"
"B8DEinfachH","B8DEinfach","Häufigkeiten und Mittelwerte","Frequencies; datas_frequentness_and_probabilities; Calculate_relative_frequency; Mean;  Calculate_mean_of_discrete_data; "
"B8DEinfachW","B8DEinfach","Wahrscheinlichkeit und Zufall","Randomness; verbalize_random_processes; Probability; datas_frequentness_and_probabilities; Calculate_probability_of_compound_event; calculate_probability_from_simulation; Calculate_probability_in_familiar_context; "
"B8DMittel","BSek1Kl8D","Mittlerer Standard",""
"B8DMittelA","B8DMittel","Auswertung von Daten","Interpret_mathematics_presented_in_a_range_of_forms; Graphical_display_of_data; Graphical_Representation; Data_analysis;  Statistical_data; Analyze_data; Read_data_from_table; Interpret_results_of_data_analysis"
"B8DMittelD","B8DMittel","Daten erfassen","Use_graphical_display_of_data; Represent_data; Represent_data_in_a_diagram; Use_spreadsheet_to_represent_data; Data_collect"
"B8DMittelH","B8DMittel","Häufigkeiten und Mittelwerte","Frequencies; datas_frequentness_and_probabilities; Calculate_relative_frequency; Mean;  Calculate_mean_of_discrete_data; "
"B8DMittelW","B8DMittel","Wahrscheinlichkeit und Zufall","Randomness; verbalize_random_processes; Probability; datas_frequentness_and_probabilities; Calculate_probability_of_compound_event; calculate_probability_from_simulation; Calculate_probability_in_familiar_context; "
"B8DErweitert","BSek1Kl8D","Erweiterter Standard",""
"B8DErweitertA","B8DErweitert","Auswertung von Daten","Interpret_mathematics_presented_in_a_range_of_forms; Graphical_display_of_data; Graphical_Representation; Data_analysis;  Statistical_data; Analyze_data; Read_data_from_table; Interpret_results_of_data_analysis; Interpret_range_of_statistical_series; Interpret_results_of_data_analysis; Interpret_data_from_table; Compare_representations_of_situation; "
"B8DErweitertD","B8DErweitert","Daten erfassen","Use_graphical_display_of_data; Represent_data; Represent_data_in_a_diagram; Use_spreadsheet_to_represent_data; Data_collect; Bar_chart; Circular_chart; Construct_pie_chart;"
"B8DErweitertH","B8DErweitert","Häufigkeiten und Mittelwerte","Frequencies; datas_frequentness_and_probabilities; Calculate_relative_frequency; Mean;  Calculate_mean_of_discrete_data; "
"B8DErweitertW","B8DErweitert","Wahrscheinlichkeit und Zufall","Randomness; verbalize_random_processes; Probability; datas_frequentness_and_probabilities; Calculate_probability_of_compound_event; calculate_probability_from_simulation; Calculate_probability_in_familiar_context; "
"BSek1Kl10","BSek1","Klasse 10",""
"BSek1Kl10Z","BSek1Kl10","Leitidee 'Zahl'",""
"B10ZEinfach","BSek1Kl10Z","Einfacher Standard",""
"B10ZEinfachRZ","B10ZEinfach","Reelle Zahlen","Real_number"
"B10ZEinfachKo","B10ZEinfach","Kopfrechnen","Calculate_product_or_quotient_mentally; Calculate_mentally; Predict_results_using_mental_calculation; Calculate_mentally_the_number_to_add_for_finding_a_given_result; Calculate_mentally_double_half_triple_third_of_natural_and_decimal_numbers; Calculate_mentally_quotient_and_remainder_of_division_in_simple_cases; Calculate_mentally_the_number_to_subtract_for_finding_a_given_result; Calculate_mentally_the_number_to_multiply_for_finding_a_given_result; "
"B10ZEinfachSR","B10ZEinfach","Sinnvoll Runden","Estimate_by_rouding_to_one_significant_figure"
"B10ZEinfachTV","B10ZEinfach","Taschenrechner verwenden","Calculator; Know_how_calculators_use_precedence; Use_calculators; Calculate_square_root_of_positive_number_with_calculator; Solve_numerical_problems_with_numbers_of_any_size_using_calculator_appropriately; "
"B10ZEinfachDez","B10ZEinfach","Dezimaldarstellung und Potenzschreibweise","Decimal_number; Exponentiation; "
"B10ZEinfachP","B10ZEinfach","Prozente und Zinsen und Zinseszins","Apply_percentage; Use_percentage;"
"B10ZMittel","BSek1Kl10Z","Mittlerer Standard",""
"B10ZMittelIZ","B10ZMittel","Irrationale Zahlen","Irrational_Number;  Understand_rational_and_irrational_numbers; Calculate_with_irrational_numbers;"
"B10ZMittelRZ","B10ZMittel","Reelle Zahlen","Real_number"
"B10ZMittelKoo","B10ZMittel","Kopfrechnen","Calculate_product_or_quotient_mentally; Calculate_mentally; Predict_results_using_mental_calculation; Calculate_mentally_the_number_to_add_for_finding_a_given_result; Calculate_mentally_double_half_triple_third_of_natural_and_decimal_numbers; Calculate_mentally_quotient_and_remainder_of_division_in_simple_cases; Calculate_mentally_the_number_to_subtract_for_finding_a_given_result; Calculate_mentally_the_number_to_multiply_for_finding_a_given_result; "
"B10ZMittelSr","B10ZMittel","Sinnvoll Runden","Estimate_by_rouding_to_one_significant_figure"
"B10ZMittelTa","B10ZMittel","Taschenrechner verwenden","Calculator; Know_how_calculators_use_precedence; Use_calculators; Calculate_square_root_of_positive_number_with_calculator; Solve_numerical_problems_with_numbers_of_any_size_using_calculator_appropriately; "
"B10ZMittelDez","B10ZMittel","Dezimaldarstellung und Potenzschreibweise","Decimal_number; Exponentiation; "
"B10ZMittelPZZ","B10ZMittel","Prozente und Zinsen und Zinseszins","Apply_percentage; Use_percentage;"
"B10ZMittelVG","B10ZMittel","Variablen und Gleichungen","Use_expressions_with_letters; Equations; Solve_problems_using_linear_equation; Manipulate_equations;"
"B10ZErweitert","BSek1Kl10Z","Erweiterter Standard",""
"B10ZErweitertIz","B10ZErweitert","Irrationale Zahlen","Irrational_Number;  Understand_rational_and_irrational_numbers; Calculate_with_irrational_numbers;"
"B10ZErweitertRZ","B10ZErweitert","Reelle Zahlen","Real_number"
"B10ZErweitertKo","B10ZErweitert","Kopfrechnen","Calculate_product_or_quotient_mentally; Calculate_mentally; Predict_results_using_mental_calculation; Calculate_mentally_the_number_to_add_for_finding_a_given_result; Calculate_mentally_double_half_triple_third_of_natural_and_decimal_numbers; Calculate_mentally_quotient_and_remainder_of_division_in_simple_cases; Calculate_mentally_the_number_to_subtract_for_finding_a_given_result; Calculate_mentally_the_number_to_multiply_for_finding_a_given_result; "
"B10ZErweitertSR","B10ZErweitert","Sinnvoll Runden","Estimate_by_rouding_to_one_significant_figure"
"B10ZErweitertTa","B10ZErweitert","Taschenrechner verwenden","Calculator; Know_how_calculators_use_precedence; Use_calculators; Calculate_square_root_of_positive_number_with_calculator; Solve_numerical_problems_with_numbers_of_any_size_using_calculator_appropriately; "
"B10ZErweitertDez","B10ZErweitert","Dezimaldarstellung und Potenzschreibweise","Decimal_number; Exponentiation; "
"B10ZErweitertPZZ","B10ZErweitert","Prozente und Zinsen und Zinseszins","Apply_percentage; Use_percentage;"
"B10ZErweitertVG","B10ZErweitert","Variablen und Gleichungen","Use_expressions_with_letters; Equations; Solve_problems_using_linear_equation; Manipulate_equations; Explore_situation_or_problem; Use_variables; solve_inequalities"
"BSek1Kl10M","BSek1Kl10","Leitidee 'Messen'",""
"B10MEinfach","BSek1Kl10M","Einfacher Standard",""
"B10MEinfachMG","B10MEinfach","Messen und Größen","magnitudes_and_measurements; Control_appropriateness_and_accuracy_of_results; Time; Calculate_time; Calculate_duration; Mass; Calculate_change_of_units_for_mass; Calculate_lengths; Length_unit; Calculate_change_of_units_for_lengths; Compare_lengths; Area; Base; Compare_areas; Measure_area; Estimate_areas_in_2D; Measure_volume; Estimate_measure; "
"B10MEinfachFU","B10MEinfach","Flächeninhalt und Umfang","Formula_for_area; Calculate_area_of_figures_made_of_rectangles_and_right_triangles; "
"B10MEinfachVO","B10MEinfach","Volumen und Oberfläche","Volume; Capacity; Calculate_volume_of_cone; Calculate_volume_of_sphere; Use_formula_of_pyramid_volume; Use_formula_of_volume_of_cone; Calculate_volume_of_pyramid_using_formula;  Cone; Sphere; Pyramid; "
"B10MEinfachT","B10MEinfach","Trigonometrie","Calculate_length; Formula_for_length; Calculate_approximate_measure_of_acute_angle_with_given_sine_using_calculator; Calculate_approximate_measure_of_acute_angle_with_given_tangent_using_calculator; Calculate_angle_in_right_triangle_from_two_sides; Calculate_approximate_measure_of_acute_angle_with_given_cosine_using_calculator; Calculate_side_length_of_right_triangle_from_one_side_and_one_angle; Calculate_angle_in_right_triangle_from_one_side_and_one_angle; Trigonometric_ratio; Calculate_trigonometric_ratio; "
"B10MMittel","BSek1Kl10M","Mittlerer Standard",""
"B10MMittelMG","B10MMittel","Messen und Größen","magnitudes_and_measurements; Control_appropriateness_and_accuracy_of_results; Time; Calculate_time; Calculate_duration; Mass; Calculate_change_of_units_for_mass; Calculate_lengths; Length_unit; Calculate_change_of_units_for_lengths; Compare_lengths; Area; Base; Compare_areas; Measure_area; Estimate_areas_in_2D; Measure_volume; Estimate_measure;"
"B10MMittelFU","B10MMittel","Flächeninhalt und Umfang","Formula_for_area; Calculate_area_of_figures_made_of_rectangles_and_right_triangles;"
"B10MMittelVO","B10MMittel","Volumen und Oberfläche","Volume; Capacity; Calculate_volume_of_cone; Calculate_volume_of_sphere; Use_formula_of_pyramid_volume; Use_formula_of_volume_of_cone; Calculate_volume_of_pyramid_using_formula;  Cone; Sphere; Pyramid;"
"B10MMittelTr","B10MMittel","Trigonometrie","Calculate_length; Formula_for_length; Calculate_approximate_measure_of_acute_angle_with_given_sine_using_calculator; Calculate_approximate_measure_of_acute_angle_with_given_tangent_using_calculator; Calculate_angle_in_right_triangle_from_two_sides; Calculate_approximate_measure_of_acute_angle_with_given_cosine_using_calculator; Calculate_side_length_of_right_triangle_from_one_side_and_one_angle; Calculate_angle_in_right_triangle_from_one_side_and_one_angle; Trigonometric_ratio; Calculate_trigonometric_ratio;"
"B10MMittelAhn","B10MMittel","Ähnlichkeit","Similar; similar_triangles; Solve_similarity_problems;  Understand_similarity; Use_similarity; "
"B10MErweitert","BSek1Kl10M","Erweiterter Standard",""
"B10MErweitertMG","B10MErweitert","Messen und Größen","magnitudes_and_measurements; Control_appropriateness_and_accuracy_of_results; Time; Calculate_time; Calculate_duration; Mass; Calculate_change_of_units_for_mass; Calculate_lengths; Length_unit; Calculate_change_of_units_for_lengths; Compare_lengths; Area; Base; Compare_areas; Measure_area; Estimate_areas_in_2D; Measure_volume; Estimate_measure; Compare_inscribed_angles_with_same_arc; "
"B10MErweitertFU","B10MErweitert","Flächeninhalt und Umfang","Formula_for_area; Calculate_area_of_figures_made_of_rectangles_and_right_triangles;"
"B10MErweitertVO","B10MErweitert","Volumen und Oberfläche","Volume; Capacity; Calculate_volume_of_cone; Calculate_volume_of_sphere; Use_formula_of_pyramid_volume; Use_formula_of_volume_of_cone; Calculate_volume_of_pyramid_using_formula;  Cone; Sphere; Pyramid; Know_volume_of_right_cylinder; calculate_volume_of_right_parallelepiped; Calculate_volume_of_right_prism; Calculate_areas_of_cylinder; ApproximationProcess; Bound; "
"B10MErweitertTR","B10MErweitert","Trigonometrie","Calculate_length; Formula_for_length; Calculate_approximate_measure_of_acute_angle_with_given_sine_using_calculator; Calculate_approximate_measure_of_acute_angle_with_given_tangent_using_calculator; Calculate_angle_in_right_triangle_from_two_sides; Calculate_approximate_measure_of_acute_angle_with_given_cosine_using_calculator; Calculate_side_length_of_right_triangle_from_one_side_and_one_angle; Calculate_angle_in_right_triangle_from_one_side_and_one_angle; Trigonometric_ratio; Calculate_trigonometric_ratio;"
"B10MErweitertAhn","B10MErweitert","Ähnlichkeit","Similar; similar_triangles; Solve_similarity_problems;  Understand_similarity; Use_similarity; "
"BSek1Kl10R","BSek1Kl10","Leitidee 'Raum und Form'",""
"B10REinfach","BSek1Kl10R","Einfacher Standard",""
"B10REinfachW","B10REinfach","Winkel","Use_theorem_about_the_sum_of_the_angles_in_triangle; Reproduce_angle; Transfer_an_angle; Construct_angle_with_given_measure_with_protractor; Angle_fig; "
"B10REinfachgS","B10REinfach","geometrische Strukturen","patterns_and_structures; Use_basic_geometry_to_describe_real_world; "
"B10REinfachKdr","B10REinfach","Konstruktion von Dreiecken (mit Hilfsmitteln)","Construct_isosceles_triangle_using_graduated_ruler_and_compass; Use_theorem_about_the_sum_of_the_angles_in_triangle; Reproduce_isosceles_triangle; Construct_triangle_with_given_ASA; Reproduce_equilateral_triangle; Reproduce_a_rightangled_triangle; Draw_isosceles_triangle; Construct_triangle_with_given_SAS; Construct_right_angled_triangle_using_graduated_ruler_and_compass; Construct_equilateral_triangle_using_graduated_ruler_and_compass; Construct_equilateral_triangle; Construct_RightAngledTriangle; Compass; Graduated_ruler; Ruler;  Set_square; Dynamic_interactive_geometry_environments; "
"B10REinfachMod","B10REinfach","Modellierungsaufgaben","Real_world_representation; Model_a_situation_using_geometry; Real_world_problem; "
"B10REinfachGO","B10REinfach","Eigenschaften geometrischer Objekte","Similar; similar_triangles; Solve_similarity_problems;  Understand_similarity; Use_similarity; Relationship; Know_basic_relations_in_2D; "
"B10REinfachKö","B10REinfach","Analysieren und Klassifizieren von Körpern","Solidobjects; Know_parallelism_of_faces_in_solids; classify_solids; Know_faces_that_are_perpendicular_in_solids; "
"B10REinfachSeG","B10REinfach","Sätze ebener Geometrie","Theorem; use_intercepttheorem_to_check_relations; Know_Pythagoras_theorem; Use_proportionality_of_sidelengths_of_triangles_in_particular_configuration; Understand_Pythagoras_theorem; Use_Pythagoras_theorem_to_obtain_magnitudes; exploreThalesCircleTheorem; Know_Thales_Circle_theorem; Know_converse_of_Thales_Circle_theorem; illustrateThalesCircleTheorem; PythagorasTheorem; Use_Pythagoras_theorem_to_obtain_magnitudes;"
"B10REinfachVV","B10REinfach","Vergrößern und verkleinern ebener Figuren","Construct_enlargement_of_a_figure; Reduction; Ampliation; "
"B10REinfachKoo","B10REinfach","Koordinatensystem","Point_in_coordinate_system; Origin_of_coordinates;  Plane_in_coordinate_system; Line_in_coordinate_system;"
"B10REinfach2d","B10REinfach","2-D Körper bennenen und beschreiben","Net_of_a_solid; Orthogonal_projection_of_solid; Analyze_cylinder_and_right_prism_using_geometry_software; classify_solids; Projection; tp://Representation_in_cavalier_perspective; "
"B10REinfachSK","B10REinfach","Schrägbilder und Körpernetze ","Net_of_a_solid; Construct_net_of_a_solid; Construct_net_of_pyramid_with_given_dimensions; "
"B10RMittel","BSek1Kl10R","Mittlerer Standard",""
"B10RMittelW","B10RMittel","Winkel","Use_theorem_about_the_sum_of_the_angles_in_triangle; Reproduce_angle; Transfer_an_angle; Construct_angle_with_given_measure_with_protractor; Angle_fig; "
"B10RMittelgS","B10RMittel","geometrische Strukturen","patterns_and_structures; Use_basic_geometry_to_describe_real_world; "
"B10RMittelKdr","B10RMittel","Konstruktion von Dreiecken (mit Hilfsmitteln)","Construct_isosceles_triangle_using_graduated_ruler_and_compass; Use_theorem_about_the_sum_of_the_angles_in_triangle; Reproduce_isosceles_triangle; Construct_triangle_with_given_ASA; Reproduce_equilateral_triangle; Reproduce_a_rightangled_triangle; Draw_isosceles_triangle; Construct_triangle_with_given_SAS; Construct_right_angled_triangle_using_graduated_ruler_and_compass; Construct_equilateral_triangle_using_graduated_ruler_and_compass; Construct_equilateral_triangle; Construct_RightAngledTriangle; Compass; Graduated_ruler; Ruler;  Set_square; Dynamic_interactive_geometry_environments; "
"B10RMittelMod","B10RMittel","Modellierungsaufgaben","Real_world_representation; Model_a_situation_using_geometry; Real_world_problem; "
"B10RMittelgO","B10RMittel","Eigenschaften geometrischer Objekte","Similar; similar_triangles; Solve_similarity_problems;  Understand_similarity; Use_similarity; Relationship; Know_basic_relations_in_2D; "
"B10RMittelAK","B10RMittel","Analysieren und Klassifizieren von Körpern","Solidobjects; Know_parallelism_of_faces_in_solids; classify_solids; Know_faces_that_are_perpendicular_in_solids; "
"B10RMittelSeG","B10RMittel","Sätze ebener Geometrie","Theorem; use_intercepttheorem_to_check_relations; Know_Pythagoras_theorem; Use_proportionality_of_sidelengths_of_triangles_in_particular_configuration; Understand_Pythagoras_theorem; Use_Pythagoras_theorem_to_obtain_magnitudes; exploreThalesCircleTheorem; Know_Thales_Circle_theorem; Know_converse_of_Thales_Circle_theorem; illustrateThalesCircleTheorem; Use_Pythagoras_theorem_to_solve_2D_problems; Use_Pythagoras_theorem_to_solve_3D_problems; Use_Pythagoras_theorem_to_check_relations; "
"B10RMittelVV","B10RMittel","Vergrößern und verkleinern ebener Figuren","Construct_enlargement_of_a_figure; Reduction; Ampliation; "
"B10RMittelKoo","B10RMittel","Koordinatensystem","Point_in_coordinate_system; Origin_of_coordinates;  Plane_in_coordinate_system; Line_in_coordinate_system;"
"B10RMittel2d","B10RMittel","2-D Körper bennenen und beschreiben","Net_of_a_solid; Orthogonal_projection_of_solid; Analyze_cylinder_and_right_prism_using_geometry_software; classify_solids; Projection; tp://Representation_in_cavalier_perspective; "
"B10RMittelSK","B10RMittel","Schrägbilder und Körpernetze ","Net_of_a_solid; Construct_net_of_a_solid; Construct_net_of_pyramid_with_given_dimensions; "
"B10RErweitert","BSek1Kl10R","Erweiterter Standard",""
"B10RErweitertSeG","B10RErweitert","Sätze ebener Geometrie","Theorem; use_intercepttheorem_to_check_relations; Know_Pythagoras_theorem; Use_proportionality_of_sidelengths_of_triangles_in_particular_configuration; Understand_Pythagoras_theorem; Use_Pythagoras_theorem_to_obtain_magnitudes; exploreThalesCircleTheorem; Know_Thales_Circle_theorem; Know_converse_of_Thales_Circle_theorem; illustrateThalesCircleTheorem; Use_converse_of_Pythagoras_theorem; Know_Intercept_Theorem_converse; Proof; "
"B10RErweitertEeF","B10RErweitert","Eigenschaften ebener Figuren","Simple_figure; Analyze_simple_figure; Symmetry; Understand_congruence; "
"B10RErweitertW","B10RErweitert","Winkel","Use_theorem_about_the_sum_of_the_angles_in_triangle; Reproduce_angle; Transfer_an_angle; Construct_angle_with_given_measure_with_protractor; Angle_fig; "
"B10RErweitertgS","B10RErweitert","geometrische Strukturen","patterns_and_structures; Use_basic_geometry_to_describe_real_world; "
"B10RErweitertKdr","B10RErweitert","Konstruktion von Dreiecken (mit Hilfsmitteln)","Construct_isosceles_triangle_using_graduated_ruler_and_compass; Use_theorem_about_the_sum_of_the_angles_in_triangle; Reproduce_isosceles_triangle; Construct_triangle_with_given_ASA; Reproduce_equilateral_triangle; Reproduce_a_rightangled_triangle; Draw_isosceles_triangle; Construct_triangle_with_given_SAS; Construct_right_angled_triangle_using_graduated_ruler_and_compass; Construct_equilateral_triangle_using_graduated_ruler_and_compass; Construct_equilateral_triangle; Construct_RightAngledTriangle; Compass; Graduated_ruler; Ruler;  Set_square; Dynamic_interactive_geometry_environments; "
"B10RErweitertMod","B10RErweitert","Modellierungsaufgaben","Real_world_representation; Model_a_situation_using_geometry; Real_world_problem; "
"B10RErweitertEgO","B10RErweitert","Eigenschaften geometrischer Objekte","Similar; similar_triangles; Solve_similarity_problems;  Understand_similarity; Use_similarity; Relationship; Know_basic_relations_in_2D; "
"B10RErweitertAKK","B10RErweitert","Analysieren und Klassifizieren von Körpern","Solidobjects; Know_parallelism_of_faces_in_solids; classify_solids; Know_faces_that_are_perpendicular_in_solids; "
"B10RErweitertVV","B10RErweitert","Vergrößern und verkleinern ebener Figuren","Construct_enlargement_of_a_figure; Reduction; Ampliation;"
"B10RErweitertKoo","B10RErweitert","Koordinatensystem","Point_in_coordinate_system; Origin_of_coordinates;  Plane_in_coordinate_system; Line_in_coordinate_system; ThreeD_coordinates; "
"B10RErweitert2d","B10RErweitert","2-D Körper bennenen und beschreiben","Net_of_a_solid; Orthogonal_projection_of_solid; Analyze_cylinder_and_right_prism_using_geometry_software; classify_solids; Projection; tp://Representation_in_cavalier_perspective;"
"B10RErweitertSK","B10RErweitert","Schrägbilder und Körpernetze","Net_of_a_solid; Construct_net_of_a_solid; Construct_net_of_pyramid_with_given_dimensions;"
"BSek1Kl10F","BSek1Kl10","Leitidee 'Funktionaler Zusammenhang'",""
"B10FEinfach","BSek1Kl10F","Einfacher Standard",""
"B10FEinfachFZ","B10FEinfach","Funktionale Zusammenhänge","Express_math_dependencies; Relationship;  "
"B10FEinfachPR","B10FEinfach","Prozentrechnung","Percentage; Use_percentage_in_simple_cases; Know_meaning_of_percentage;  Use_percentage; Apply_percentage; Analyze_growth_in_functions; Use_spreadsheet_to_represent_data; Create_a_sheet_in_a_spreadsheet; "
"B10FEinfachLGG","B10FEinfach","Lineare Gleichungen und Gleichungssysteme","Linear_Equation; Solve_graphically_linear_equation; Solve_linear_equation_with_whole_number_coefficients; Solve_graphically_linear_equation_by_giving_approximate_solution; Linear_equations_system; Solve_graphically_system_of_equations"
"B10FEinfachLF","B10FEinfach","lineare Funktionen","Interpret_graph; describe_qualitatively_real_world_plots; Local_and_global_description_of_a_plot;  Linear_function; Graph_of_a_function;"
"B10FMittel","BSek1Kl10F","Mittlerer Standard",""
"B10FMittelFZ","B10FMittel","Funktionale Zusammenhänge","Express_math_dependencies; Relationship;  "
"B10FMittelPR","B10FMittel","Prozentrechnung","Percentage; Use_percentage_in_simple_cases; Know_meaning_of_percentage;  Use_percentage; Apply_percentage; Analyze_growth_in_functions; Use_spreadsheet_to_represent_data; Create_a_sheet_in_a_spreadsheet; "
"B10FMittelLGG","B10FMittel","Lineare Gleichungen und Gleichungssysteme","Linear_Equation; Solve_graphically_linear_equation; Solve_linear_equation_with_whole_number_coefficients; Solve_graphically_linear_equation_by_giving_approximate_solution; Linear_equations_system; Solve_graphically_system_of_equations"
"B10FMittelLQE","B10FMittel","lineare und quadratische und exponentiale Funktionen","Linear_function; Represent_graph_of_linear_function; Quadratic_function; Exponential_function; "
"B10FMittelTab","B10FMittel","Tabellenkalkulation","Spreadsheet_Software; Use_spreadsheet_to_represent_data; Create_a_sheet_in_a_spreadsheet; Interpret_data_from_table; "
"B10FMittelPF","B10FMittel","Potenzfunktionen","Exponentiation; Power; Graph_of_a_function; Function_plot_features; "
"B10FMittelSF","B10FMittel","Sinusfunktion","Sine; Frequency; "
"B10FErweitert","BSek1Kl10F","Erweiterter Standard",""
"B10FErweitertFZ","B10FErweitert","Funktionale Zusammenhänge","Express_math_dependencies; Relationship;  "
"B10FErweitertPR","B10FErweitert","Prozentrechnung","Percentage; Use_percentage_in_simple_cases; Know_meaning_of_percentage;  Use_percentage; Apply_percentage; Analyze_growth_in_functions; Use_spreadsheet_to_represent_data; Create_a_sheet_in_a_spreadsheet; "
"B10FErweitertLGU","B10FErweitert","Lineare Gleichungen und Ungleichungen und Gleichungssysteme","Linear_Equation; Solve_graphically_linear_equation; Solve_linear_equation_with_whole_number_coefficients; Solve_graphically_linear_equation_by_giving_approximate_solution; Linear_equations_system; Solve_graphically_system_of_equations; Solve_problems_using_linear_equation; Solve_linear_inequation_with_whole_number_coefficients; solve_inequalities; "
"B10FErweitertLQE","B10FErweitert","lineare und quadratische und exponentiale Funktionen und Logarithmusfunktion","Linear_function; Represent_graph_of_linear_function; Quadratic_function; Exponential_function; Logarithmic_function; "
"B10FErweitertTab","B10FErweitert","Tabellenkalkulation","Spreadsheet_Software; Use_spreadsheet_to_represent_data; Create_a_sheet_in_a_spreadsheet; Interpret_data_from_table; "
"B10FErweitertPF","B10FErweitert","Potenzfunktionen","Exponentiation; Power; Graph_of_a_function; Function_plot_features; "
"B10FErweitertSF","B10FErweitert","Sinusfunktion","Sine; Frequency; "
"","","",""
"BSek1Kl10D","BSek1Kl10","Leitidee 'Daten und Zufall'",""
"B10DEinfach","BSek1Kl10D","Einfacher Standard",""
"B10DEinfachAD","B10DEinfach","Auswertung von Daten","Interpret_mathematics_presented_in_a_range_of_forms; Graphical_display_of_data; Graphical_Representation; Data_analysis;  Statistical_data; Analyze_data; Read_data_from_table; Interpret_results_of_data_analysis"
"B10DEinfachDE","B10DEinfach","Daten erfassen","Use_graphical_display_of_data; Represent_data; Represent_data_in_a_diagram; Use_spreadsheet_to_represent_data; Data_collect"
"B10DEinfachHMS","B10DEinfach","Häufigkeiten und Mittelwerte und Spannweiten","Frequencies; datas_frequentness_and_probabilities; Calculate_relative_frequency; Mean;  Calculate_mean_of_discrete_data; Interpret_frequency_diagram; Interpret_cumulative_frequency_diagram; Statistical_range; Interpret_range_of_statistical_series; "
"B10DEinfachWZ","B10DEinfach","Wahrscheinlichkeit und Zufall","Randomness; verbalize_random_processes; Probability; datas_frequentness_and_probabilities; Calculate_probability_of_compound_event; calculate_probability_from_simulation; Calculate_probability_in_familiar_context; "
"B10DMittel","BSek1Kl10D","Mittlerer Standard",""
"B10DMittelAD","B10DMittel","Auswertung von Daten","Interpret_mathematics_presented_in_a_range_of_forms; Graphical_display_of_data; Graphical_Representation; Data_analysis;  Statistical_data; Analyze_data; Read_data_from_table; Interpret_results_of_data_analysis; Explore_statistical_situations_using_ICT; Standard_deviation;  interpret_mean_and_deviation; "
"B10DMittelDE","B10DMittel","Daten erfassen","Use_graphical_display_of_data; Represent_data; Represent_data_in_a_diagram; Use_spreadsheet_to_represent_data; Data_collect"
"B10DMittelHMS","B10DMittel","Häufigkeiten und Mittelwerte und Spannweiten","Frequencies; datas_frequentness_and_probabilities; Calculate_relative_frequency; Mean;  Calculate_mean_of_discrete_data; Interpret_frequency_diagram; Interpret_cumulative_frequency_diagram; Statistical_range; Interpret_range_of_statistical_series;"
"B10DMittelWZ","B10DMittel","Wahrscheinlichkeit und Zufall","Randomness; verbalize_random_processes; Probability; datas_frequentness_and_probabilities; Calculate_probability_of_compound_event; calculate_probability_from_simulation; Calculate_probability_in_familiar_context;"
"B10DErweitert","BSek1Kl10D","Erweiterter Standard",""
"B10DErweitertAD","B10DErweitert","Auswertung von Daten","Interpret_mathematics_presented_in_a_range_of_forms; Graphical_display_of_data; Graphical_Representation; Data_analysis;  Statistical_data; Analyze_data; Read_data_from_table; Interpret_results_of_data_analysis; Interpret_range_of_statistical_series; Interpret_results_of_data_analysis; Interpret_data_from_table; Compare_representations_of_situation; "
"B10DErweitertDE","B10DErweitert","Daten erfassen","Use_graphical_display_of_data; Represent_data; Represent_data_in_a_diagram; Use_spreadsheet_to_represent_data; Data_collect; Bar_chart; Circular_chart; Construct_pie_chart;"
"B10DErweitertHMS","B10DErweitert","Häufigkeiten und Mittelwerte und Spannweiten","Frequencies; datas_frequentness_and_probabilities; Calculate_relative_frequency; Mean;  Calculate_mean_of_discrete_data; Interpret_frequency_diagram; Interpret_cumulative_frequency_diagram; Statistical_range; Interpret_range_of_statistical_series; Median; Compare_distributions; "
"B10DErweitertWZ","B10DErweitert","Wahrscheinlichkeit und Zufall","Randomness; verbalize_random_processes; Probability; datas_frequentness_and_probabilities; Calculate_probability_of_compound_event; calculate_probability_from_simulation; Calculate_probability_in_familiar_context;"
"BSek2","B","Sekundarstufe II",""
"BSek2EV","BSek2","Eingangsvorraussetzungen",""
"BSek2Z","BSek2EV","Leitidee 'Zahl'",""
"BSek2ZIZ","BSek2Z","Irrationale Zahlen","Irrational_Number;  Understand_rational_and_irrational_numbers; Calculate_with_irrational_numbers;"
"BSek2ZRZ","BSek2Z","Reelle Zahlen","Real_number"
"BSek2ZKoo","BSek2Z","Kopfrechnen","Calculate_product_or_quotient_mentally; Calculate_mentally; Predict_results_using_mental_calculation; Calculate_mentally_the_number_to_add_for_finding_a_given_result; Calculate_mentally_double_half_triple_third_of_natural_and_decimal_numbers; Calculate_mentally_quotient_and_remainder_of_division_in_simple_cases; Calculate_mentally_the_number_to_subtract_for_finding_a_given_result; Calculate_mentally_the_number_to_multiply_for_finding_a_given_result;"
"BSek2ZSr","BSek2Z","Sinnvoll Runden","Estimate_by_rouding_to_one_significant_figure"
"BSek2ZTA","BSek2Z","Taschenrechner verwenden","Calculator; Know_how_calculators_use_precedence; Use_calculators; Calculate_square_root_of_positive_number_with_calculator; Solve_numerical_problems_with_numbers_of_any_size_using_calculator_appropriately;"
"BSek2ZDez","BSek2Z","Dezimaldarstellung und Potenzschreibweise","Decimal_number; Exponentiation;"
"BSek2ZPZZ","BSek2Z","Prozente und Zinsen und Zinseszins","Apply_percentage; Use_percentage;"
"BSek2ZVG","BSek2Z","Variablen und Gleichungen","Use_expressions_with_letters; Equations; Solve_problems_using_linear_equation; Manipulate_equations; Explore_situation_or_problem; Use_variables; solve_inequalities"
"BSek2ZBr","BSek2Z","Brüche","Fraction; Calculate_division_of_fractions; Calculate_product_of_two_positive_fractions; Use_equivalence_between_decimals_fractions_percentages; Know_that_a_over_b_can_be_approximated_by_decimal_number; Calculate_product_of_two_fractions_with_numerator_and_denominators_positive_or_negative_decimal_numbers; Compare_two_postive_or_negative_fractions_or_decimal_numbers; Calculate_subtraction_of_fractions; Describe_proportions_by_simple_fractions_or_percentages; Calculate_on_fractions; Calculate_sum_of_fractions; Know_that_every_decimal_number_can_be_written_as_quotient;"
"BSek2F","BSek2EV","Leitidee 'Funktionaler Zusammenhang'",""
"BSek2FPr","BSek2F","Prozentrechnung","Percentage; Use_percentage_in_simple_cases; Know_meaning_of_percentage;  Use_percentage; Apply_percentage; Analyze_growth_in_functions; Use_spreadsheet_to_represent_data; Create_a_sheet_in_a_spreadsheet;"
"BSek2FLGUG","BSek2F","Lineare Gleichungen und Ungleichungen und Gleichungssysteme","Linear_Equation; Solve_graphically_linear_equation; Solve_linear_equation_with_whole_number_coefficients; Solve_graphically_linear_equation_by_giving_approximate_solution; Linear_equations_system; Solve_graphically_system_of_equations; Solve_problems_using_linear_equation; Solve_linear_inequation_with_whole_number_coefficients; solve_inequalities;"
"BSek2FLqex","BSek2F","lineare und quadratische und exponentiale Funktionen und Logarithmusfunktion","Linear_function; Represent_graph_of_linear_function; Quadratic_function; Exponential_function; Logarithmic_function;"
"BSek2FTab","BSek2F","Tabellenkalkulation","Spreadsheet_Software; Use_spreadsheet_to_represent_data; Create_a_sheet_in_a_spreadsheet; Interpret_data_from_table;"
"BSek2FPo","BSek2F","Potenzfunktionen","Exponentiation; Power; Graph_of_a_function; Function_plot_features;"
"BSek2FSin","BSek2F","Sinusfunktion","Sine; Frequency;"
"BSek2Ap","BSek2EV","Leitidee 'Approximation'",""
"BSek2ApAnd","BSek2Ap","Änderungsrate","Mean_variation_ratio_of_a_function_in_an_interval"
"BSek2ApFG","BSek2Ap","Funktionsgraph","Function_plot_features"
"BSek2R","BSek2EV","Leitidee 'Räumliches Strukturieren/Koordinatisieren'",""
"BSek2RKL","BSek2R","Klassifizieren geometrischer Objekte","Solidobjects; Know_parallelism_of_faces_in_solids; classify_solids; Know_faces_that_are_perpendicular_in_solids; Similar; similar_triangles; Solve_similarity_problems;  Understand_similarity; Use_similarity; Relationship; Know_basic_relations_in_2D; "
"BSek2REK","BSek2R","Eigenschafte von Figuren","Simple_figure; Analyze_simple_figure; Symmetry; Understand_congruence;"
"BSek2RTR","BSek2R","Trigonomerie","Calculate_length; Formula_for_length; Calculate_approximate_measure_of_acute_angle_with_given_sine_using_calculator; Calculate_approximate_measure_of_acute_angle_with_given_tangent_using_calculator; Calculate_angle_in_right_triangle_from_two_sides; Calculate_approximate_measure_of_acute_angle_with_given_cosine_using_calculator; Calculate_side_length_of_right_triangle_from_one_side_and_one_angle; Calculate_angle_in_right_triangle_from_one_side_and_one_angle; Trigonometric_ratio; Calculate_trigonometric_ratio; "
"BSek2RAhn","BSek2R","Ähnlichkeit","Similar; similar_triangles; Solve_similarity_problems;  Understand_similarity; Use_similarity;"
"BSek2D","BSek2EV","Leitidee 'Daten und Zufall'",""
"BSek2DAD","BSek2D","Auswertung von Daten","Interpret_mathematics_presented_in_a_range_of_forms; Graphical_display_of_data; Graphical_Representation; Data_analysis;  Statistical_data; Analyze_data; Read_data_from_table; Interpret_results_of_data_analysis; Interpret_range_of_statistical_series; Interpret_results_of_data_analysis; Interpret_data_from_table; Compare_representations_of_situation;"
"BSek2DDE","BSek2D","Daten erfassen","Use_graphical_display_of_data; Represent_data; Represent_data_in_a_diagram; Use_spreadsheet_to_represent_data; Data_collect; Bar_chart; Circular_chart; Construct_pie_chart;"
"BSek2DHMS","BSek2D","Häufigkeiten und Mittelwerte und Spannweiten","Frequencies; datas_frequentness_and_probabilities; Calculate_relative_frequency; Mean;  Calculate_mean_of_discrete_data; Interpret_frequency_diagram; Interpret_cumulative_frequency_diagram; Statistical_range; Interpret_range_of_statistical_series; Median; Compare_distributions;"
"BSek2DWZ","BSek2D","Wahrscheinlichkeit und Zufall","Randomness; verbalize_random_processes; Probability; datas_frequentness_and_probabilities; Calculate_probability_of_compound_event; calculate_probability_from_simulation; Calculate_probability_in_familiar_context;"
"BSek2M","BSek2EV","Leitidee 'Messen'",""
"BSek2MMG","BSek2M","Messen und Größen","magnitudes_and_measurements; Control_appropriateness_and_accuracy_of_results; Time; Calculate_time; Calculate_duration; Mass; Calculate_change_of_units_for_mass; Calculate_lengths; Length_unit; Calculate_change_of_units_for_lengths; Compare_lengths; Area; Base; Compare_areas; Measure_area; Estimate_areas_in_2D; Measure_volume; Estimate_measure; Compare_inscribed_angles_with_same_arc; "
"BSek2MFU","BSek2M","Flächeninhalt und Umfang","Formula_for_area; Calculate_area_of_figures_made_of_rectangles_and_right_triangles;"
"BSek2MVO","BSek2M","Volumen und Oberfläche","Volume; Capacity; Calculate_volume_of_cone; Calculate_volume_of_sphere; Use_formula_of_pyramid_volume; Use_formula_of_volume_of_cone; Calculate_volume_of_pyramid_using_formula;  Cone; Sphere; Pyramid; Know_volume_of_right_cylinder; calculate_volume_of_right_parallelepiped; Calculate_volume_of_right_prism; Calculate_areas_of_cylinder; ApproximationProcess; Bound; "
"BSek2Al","BSek2EV","Leitidee 'Algorithmus'",""
"BSek2AlMH","BSek2Al","Mathematische Hilfsmittel","Calculator; Know_how_calculators_use_precedence; Use_calculators; Calculate_square_root_of_positive_number_with_calculator; Solve_numerical_problems_with_numbers_of_any_size_using_calculator_appropriately; CAS; Dynamic_interactive_geometry_environments; "
"BSek2AlSTR","BSek2Al","Strukturierung durch Terme und Variablen","Use_expressions_with_letters;  Use_variables; Solve_problems_using_linear_equation; "
"Bsek2AS","BSek2","Abschlussorientierte Standards",""
"BSek2GK","Bsek2AS","Grundkurs",""
"BSek2GKFZ","BSek2GK","Leitidee 'Funktionaler Zusammenhang'","FunctionTopic; Intersections_with_the_axis; Exponential_function; Maxima_and_minima; "
"BSek2GKAPP","BSek2GK","Leitidee 'Approximation'","Mean_variation_ratio_of_a_function_in_an_interval; Bound; Intersections_with_the_axis; "
"BSek2GKRS","BSek2GK","Leitidee 'Räumliches Strukturieren/Koordinatisieren'","Vector; ThreeD_coordinates"
"BSek2GKDZ","BSek2GK","Leitidee 'Daten und Zufall'","Tree_diagram; use_tree_diagrams_to_count; Probability; Calculate_probability_in_familiar_context; "
"BSek2GKM","BSek2GK","Leitidee 'Messen'","Length; Calculate_length; RevolutionSolid; "
"BSek2GKAl","BSek2GK","Leitidee 'Algorithmus'","Use_numerical_method_to_solve_equation; Equations; "
"BSek2LK","Bsek2AS","Leitsungskurs",""
"BSek2LKFZ","BSek2LK","Leitidee 'Funktionaler Zusammenhang'","FunctionTopic; Intersections_with_the_axis; Exponential_function; Logarithmic_function; Maxima_and_minima; Continuity_and_discontinuity; "
"BSek2LKAPP","BSek2LK","Leitidee 'Approximation'","Mean_variation_ratio_of_a_function_in_an_interval; Bound; RevolutionSolid; Intersections_with_the_axis; "
"BSek2LKRS","BSek2LK","Leitidee 'Räumliches Strukturieren/Koordinatisieren'","System_of_equations; Solve_system_of_two_linear_equations_with_two_unknowns; "
"BSek2LKDZ","BSek2LK","Leitidee 'Daten und Zufall'","Conditional_probability; Tree_diagram; use_tree_diagrams_to_count; Probability; Calculate_probability_in_familiar_context; "
"BSek2LKM","BSek2LK","Leitidee 'Messen'","Length; Calculate_length; RevolutionSolid; "
"BSek2LKAl","BSek2LK","Leitidee 'Algorithmus'","Use_numerical_method_to_solve_equation; Equations; "
"BABI","BSek2","Einheitlichen Prüfungsanforderungen für die Abiturprüfung (EPA)",""
"BABIA","BABI","Themenbereich Analysis","Secant; Tangent; Power; Sketch_graph_of_sine_cosine_tangent_function; Interpret_graphs_of_sine_cosine_tangent_functions;  plot_a_function_wording; describe_qualitatively_real_world_plots; Maxima_and_minima; Analyze_growth_in_functions; Function_attribute; "
"BABIAG","BABI","Themenbereich Analytische Geometrie","Distance; Plane_in_coordinate_system; Line_in_coordinate_system; "
"BABIST","BABI","Themenbereich Stochastik","Probability; datas_frequentness_and_probabilities; "
