"ID","PID","Title","Keywords"
"hh","0","Hamburg ",""
"","","",""
"hhhr","hh","Haupt- und Realschule",""
"","","",""
"hhhr5/6","hhhr","Jahrgangsstufe 5/6",""
"hhhr5/6-1","hhhr5/6","5/6-1 Zahlenbereiche: Von natürlichen Zahlen und vom Teilen und Aufteilen",""
"hhhr5/6-1a","hhhr5/6-1","den Stellenwert von Ziffern beim Schreiben von natürlichen und dezimalen Zahlen kennen","Know_place_value_of_digits_in_the_writing_of_natural_or_decimal_number"
"hhhr5/6-1b","hhhr5/6-1","die Hälfte und das Doppelte und ein Drittel und.. von natürlichen und gebrochenen Zahlen im Kopf berechnen","Calculate_mentally_double_half_triple_third_of_natural_and_decimal_numbers"
"hhhr5/6-1c","hhhr5/6-1","den Quotient zweier natürlichen Zahlen auf den Zahlenstrahl darstellen","Represent_quotient_of_two_natural_numbers_on_number_line"
"hhhr5/6-1d","hhhr5/6-1","negative Zahlen (im Kontext) ordnen","ToOrder_negative_numbers_in_context"
"hhhr5/6-1e","hhhr5/6-1","zwei Brüche vergleichen","Compare_two_numbers_given_as_fractions"
"hhhr5/6-1f","hhhr5/6-1","Summen von Brüchen berechnen","Calculate_sum_of_fractions"
"hhhr5/6-1g","hhhr5/6-1","Subtraktion von Brüchen berechnen","Calculate_subtraction_of_fractions"
"hhhr5/6-2","hhhr5/6","5/6-2 Größen: Vergleichen und Messen",""
"hhhr5/6-2a","hhhr5/6-2","Größen und Messen","magnitudes_and_measurements"
"hhhr5/6-2b","hhhr5/6-2","den Dreisatz verwenden","Use_rule_of_three"
"hhhr5/6-2c","hhhr5/6-2","Summen von Brüchen berechnen","Calculate_sum_of_fractions"
"hhhr5/6-2d","hhhr5/6-2","Subtraktion von Brüchen berechnen","Calculate_subtraction_of_fractions"
"hhhr5/6-2e","hhhr5/6-2","zusammengesetzte Größen verstehen","Understand_compound_measures"
"hhhr5/6-2f","hhhr5/6-2","das Zeichen einer Einheit zur Berechnung von Größen bei linearen Aufgaben verwenden","Use_image_of_unit_in_linear_problems_to_calculate_a_magnitude"
"hhhr5/6-3","hhhr5/6","5/6-3 Von Flächen und Körpern",""
"hhhr5/6-3a","hhhr5/6-3","Eigenschaften von ebenen Formen","Plane_Configuration_properties"
"hhhr5/6-3b","hhhr5/6-3","grundlegende Geometrie zur Beschreibung der Welt verwenden","Use_basic_geometry_to_describe_real_world"
"hhhr5/6-3c","hhhr5/6-3","grundlegende Beziehungen und Eigenschaften von ebenen Formen kennen","Know_basic_relations_in_2D"
"hhhr5/6-3d","hhhr5/6-3","grundlegende Beziehungen und Eigenschaften von Körpern kennen",""
"hhhr5/6-3e","hhhr5/6-3","Anfertigen von Netzen und Schrägbildern und Modellen ausgewählter Körper",""
"hhhr5/6-3f","hhhr5/6-3","maßstäbliches Zeichnen",""
"hhhr5/6-4","hhhr5/6","5/6-4 Daten und Zahlen: Wir befragen uns und lernen uns kennen",""
"hhhr5/6-4a","hhhr5/6-4","Daten","Data"
"hhhr5/6-4b","hhhr5/6-4","Daten sammeln","Data_collect"
"hhhr5/6-4c","hhhr5/6-4","graphische Darstellung von Daten","Graphical_display_of_data"
"hhhr5/6-4d","hhhr5/6-4","schätzen","Estimate_measure"
"hhhr5/6-4e","hhhr5/6-4","Situationen durch Verwendung von Symbolen und Worten und Diagramme mathematisch beschreiben","Describe_situations_using_symbols_words_and_diagrams"
"hhhr5/6-4f","hhhr5/6-4","auf eine aussagekräftigen Zahl runden","Estimate_by_rouding_to_one_significant_figure"
"hhhr5/6-4g","hhhr5/6-4","Daten sammeln","Collect_data"
"hhhr5/6-4h","hhhr5/6-4","Daten in einer Tabelle darstellen","Represent_data_in_a_table"
"hhhr5/6-4i","hhhr5/6-4","Daten in einem Diagramm darstellen","Represent_data_in_a_diagram"
"hhhr5/6-4j","hhhr5/6-4","Daten (graphisch) darstellen","Represent_data"
"hhhr5/6-4k","hhhr5/6-4","das arithmetische Mittel einer Gruppe von Daten schätzen","Estimate_mean_of_data_set"
"hhhr5/6-4l","hhhr5/6-4","Daten analysieren","Analyze_data"
"hhhr5/6-5","hhhr5/6","5/6-5 Vom Teilen und Aufteilen – Brüche",""
"hhhr5/6-5a","hhhr5/6-5","Bruch","Fraction"
"hhhr5/6-5b","hhhr5/6-5","den Quotient zweier natürlichen Zahlen auf den Zahlenstrahl darstellen","Represent_quotient_of_two_natural_numbers_on_number_line"
"hhhr5/6-5c","hhhr5/6-5","zwei Brüche vergleichen","Compare_two_numbers_given_as_fractions"
"hhhr5/6-5d","hhhr5/6-5","Summen von Brüchen berechnen","Calculate_sum_of_fractions"
"hhhr5/6-5e","hhhr5/6-5","Subtraktion von Brüchen berechnen","Calculate_subtraction_of_fractions"
"hhhr5/6-5f","hhhr5/6-5","Rechnen mit Dezimalbrüchen",""
"hhhr5/6-5g","hhhr5/6-5","Überschlagsrechnungen durchführen",""
"hhhr5/6-6","hhhr5/6","5/6-6 Beziehung im Raum – Von Flächen und Körpern",""
"hhhr5/6-6a","hhhr5/6-6","einfache Flächenberechnung","Simplecalculationofarea"
"hhhr5/6-6b","hhhr5/6-6","Fläche","Area"
"hhhr5/6-6c","hhhr5/6-6","Umfang","Perimeter"
"hhhr5/6-6d","hhhr5/6-6","Flächen berechnen","Calculate_area"
"hhhr5/6-6e","hhhr5/6-6","die Formel für den Flächeninhalt eines Rechtecks verstehen","Understand_formula_of_area_of_rectangle"
"hhhr5/6-6f","hhhr5/6-6","wissen und wie die Fläche eines Quadrats berechnet wird","Know_area_of_square"
"hhhr5/6-6g","hhhr5/6-6","Flächen vergleichen","Compare_areas"
"hhhr5/6-6h","hhhr5/6-6","die Oberfläche messen","Measure_area"
"hhhr5/6-6i","hhhr5/6-6","Umfangsberechnungen",""
"hhhr5/6-6j","hhhr5/6-6","Kennen und Verstehen des Grundprinzips der Flächen- und Rauminhaltsmessung",""
"hhhr5/6-7","hhhr5/6","5/6-7 Spiegelbilder",""
"hhhr5/6-7a","hhhr5/6-7","Symmetrieachse","Symmetry_line"
"hhhr5/6-7b","hhhr5/6-7","Aufgaben unter Nutzung von Symmetrie lösen","Solve_problems_using_symmetry"
"hhhr5/6-7c","hhhr5/6-7","die Symmetrieachse konstruieren","Construct_symmetry_line"
"hhhr5/6-8","hhhr5/6","5/6-8 Orientierung im Raum – Winkel",""
"hhhr5/6-8a","hhhr5/6-8","Winkel","Angle_fig"
"hhhr5/6-8b","hhhr5/6-8","Winkel in der Ebene","Planar.angle"
"hhhr5/6-8c","hhhr5/6-8","Winkelmesser","Protractor"
"hhhr5/6-8d","hhhr5/6-8","Wissen wie man einen Winkelmesser verwendet","Use_protractor"
"hhhr5/6-8e","hhhr5/6-8","ein Winkel mit dem Winkelmesser messen","ToMeasure_with_protractor_an_angle"
"hhhr5/6-8f","hhhr5/6-8","einen Winkel reproduzieren","Reproduce_angle"
"hhhr5/6-8g","hhhr5/6-8","einen Winkel gegebener Größe konstruieren (mit Hilfe eines Winkelmessers)","Construct_angle_with_given_measure_with_protractor"
"hhhr5/6-8h","hhhr5/6-8","Kennen der Kreisskala mit 360°",""
"hhhr5/6-9","hhhr5/6","5/6-9 Daten und Zufall: Wer gewinnt? Einfache Zufallsexperimente",""
"hhhr5/6-9a","hhhr5/6-9","Daten und Häufigkeiten und Wahrscheinlichkeiten","datas_frequentness_and_probabilities"
"hhhr5/6-9b","hhhr5/6-9","Wahrscheinlichkeit","Probability"
"hhhr5/6-9c","hhhr5/6-9","die Wahrscheinlichkeit im bekannten Zusammenhang berechnen","Calculate_probability_in_familiar_context"
"hhhr5/6-9d","hhhr5/6-9","Wahrscheinlichkeitstheorie auf 'echte' Situationen anwenden","Apply_probability"
"hhhr5/6-9e","hhhr5/6-9","Daten in einem Diagramm darstellen","Represent_data_in_a_diagram"
"hhhr5/6-9f","hhhr5/6-9","Daten (graphisch) darstellen","Represent_data"
"","","",""
"hhhr7/8","hhhr","Jahrgangsstufe 7/8",""
"hhhr7/8-1","hhhr7/8","7/8-1 Über und unter Null – Zahlenbereiche",""
"hhhr7/8-1a","hhhr7/8-1","rationale Zahl","Rational_Number"
"hhhr7/8-1b","hhhr7/8-1","Bruch","Fraction"
"hhhr7/8-1c","hhhr7/8-1","Gleichungen","Equations"
"hhhr7/8-1d","hhhr7/8-1","Terme",""
"hhhr7/8-1e","hhhr7/8-1","den Bruch a/b als Quotient von a durch b interpretieren","Interpret_fraction_a_over_b_as_quotient_of_a_by_b"
"hhhr7/8-1f","hhhr7/8-1","das Produkt von zwei positiven Brüchen berechnen","Calculate_product_of_two_positive_fractions"
"hhhr7/8-1g","hhhr7/8-1","Division von Brüchen berechnen","Calculate_division_of_fractions"
"hhhr7/8-1h","hhhr7/8-1","mit rationalen Zahlen rechnen","Calculate_with_rational_numbers"
"hhhr7/8-1i","hhhr7/8-1","Lösen von Gleichungen durch Probieren",""
"hhhr7/8-1j","hhhr7/8-1","Terme mit Variablen verwenden","Use_expressions_with_letters"
"hhhr7/8-1k","hhhr7/8-1","Terme berechnen","Evaluate_algebraic_formula"
"hhhr7/8-1l","hhhr7/8-1","einen Term mit einer Variablen kürzen","Reduce_an_expression_with_one_variable"
"hhhr7/8-1m","hhhr7/8-1","algbraische Terme verändern","Manipulate_algebraic_expressions"
"hhhr7/8-1n","hhhr7/8-1","Produkte und Quotienten vereinfachen",""
"hhhr7/8-2","hhhr7/8","7/8-2 Veränderungen und Zuordnungen",""
"hhhr7/8-2a","hhhr7/8-2","einen Graphen interpretieren","Interpret_graph"
"hhhr7/8-2b","hhhr7/8-2","einen Graphen und der eine echte Gegebenheit darstellt und interpretieren","Interpret_graphs_modelling_real_situations"
"hhhr7/8-2c","hhhr7/8-2","eine Wertetabelle zeichnen","plot_a_function_table"
"hhhr7/8-2d","hhhr7/8-2","den Dreisatz verwenden","Use_rule_of_three"
"hhhr7/8-2e","hhhr7/8-2","Die Bedeutung von 'Prozent' kennen","Know_meaning_of_percentag"
"hhhr7/8-2f","hhhr7/8-2","Prozentrechnen in einfachen Fällen verwenden","Use_percentage_in_simple_cases"
"hhhr7/8-3","hhhr7/8","7/8-3 Beziehungen in der Ebene: Dreiecke und Kreise",""
"hhhr7/8-3a","hhhr7/8-3","Dreieck","Triangle"
"hhhr7/8-3b","hhhr7/8-3","kongruente Dreiecke","Congruent_triangles"
"hhhr7/8-3c","hhhr7/8-3","Grundlegende Eigenschaften von Dreiecken","Basic_properties_of_triangles"
"hhhr7/8-3d","hhhr7/8-3","Kreis","Circle"
"hhhr7/8-3e","hhhr7/8-3","die Eigenschaften eines speziellen Dreiecks kennen","Know_particular_triangle_properties"
"hhhr7/8-3f","hhhr7/8-3","den Flächeninhalt eines Dreieck berechnen","Calculate_area_of_triangle"
"hhhr7/8-3g","hhhr7/8-3","verstehen und dass die Winkelsumme im Dreieck 180° beträgt","understand180IsSumOfAnglesOfTriangle"
"hhhr7/8-3h","hhhr7/8-3","die Winkelsumme im Dreieck verwenden","Use_theorem_about_the_sum_of_the_angles_in_triangle"
"hhhr7/8-3i","hhhr7/8-3","ein gleichseitiges Dreieck konstruieren","Construct_equilateral_triangle"
"hhhr7/8-3j","hhhr7/8-3","ein rechtwinkliges Dreieck konstruieren","Construct_RightAngledTriangle"
"hhhr7/8-3k","hhhr7/8-3","die Definition für einen Kreis kennen","Know_equidistant_circle_points"
"hhhr7/8-3l","hhhr7/8-3","wissen und was die Kreislinie (Kreisumfang) ist","Know_circumference"
"hhhr7/8-3m","hhhr7/8-3","wissen und was Kreislinie und Kreisfläche und Mittelpunkt und Radius und Durchmesser und Tangente sind",""
"hhhr7/8-4","hhhr7/8","7/8-4 Daten und Zahlen: Statistische Erhebungen",""
"hhhr7/8-4a","hhhr7/8-4","Daten","Data"
"hhhr7/8-4b","hhhr7/8-4","Daten sammeln","Data_collect"
"hhhr7/8-4c","hhhr7/8-4","graphische Darstellung von Daten","Graphical_display_of_data"
"hhhr7/8-4d","hhhr7/8-4","Taschenrechner","Calculator"
"hhhr7/8-4e","hhhr7/8-4","Daten sammeln","Collect_data"
"hhhr7/8-4f","hhhr7/8-4","Daten ablesen","Read_data"
"hhhr7/8-4g","hhhr7/8-4","Daten in einer Tabelle darstellen","Represent_data_in_a_table"
"hhhr7/8-4h","hhhr7/8-4","Daten in einem Diagramm darstellen","Represent_data_in_a_diagram"
"hhhr7/8-4i","hhhr7/8-4","Daten (graphisch) darstellen","Represent_data"
"hhhr7/8-4j","hhhr7/8-4","Daten analysieren","Analyze_data"
"hhhr7/8-4k","hhhr7/8-4","Die Ergebnise einer Datenanalyse interpretieren","Interpret_results_of_data_analysis"
"hhhr7/8-4l","hhhr7/8-4","Taschenrechner benutzen","Use_calculators"
"hhhr7/8-5","hhhr7/8","7/8-5 Die Sprache der Mathematik",""
"hhhr7/8-5a","hhhr7/8-5","Äquivalenz","Equivalent"
"hhhr7/8-5b","hhhr7/8-5","Potenz","Power"
"hhhr7/8-5c","hhhr7/8-5","Ausdrücke mit Summen und Differenzen und Klammern berechnen (nur R)","Calculate_expression_with_signs_plus_or_minus__and_brackets"
"hhhr7/8-5d","hhhr7/8-5","die binomischen Formeln kennen (nur R)",""
"hhhr7/8-5e","hhhr7/8-5","Umformungsregeln für einfache lineare Gleichungen kennen und beim Lösen anwenden",""
"hhhr7/8-5f","hhhr7/8-5","lineare Gleichungen mit Hilfe von Äquivalenzumformungen lösen (nur R)",""
"hhhr7/8-5g","hhhr7/8-5","Formeln nach einer Variablen auflösen",""
"hhhr7/8-5h","hhhr7/8-5","Potenzen als andere Schreibweise von Multiplikationen kennen",""
"hhhr7/8-5i","hhhr7/8-5","die Begriffe „Potenz“ und „Exponent“ und „Basis“ kennen und anwenden",""
"hhhr7/8-6","hhhr7/8","7/8-6 Zuordnungen und Funktionen",""
"hhhr7/8-6a","hhhr7/8-6","Funktion","Function"
"hhhr7/8-6b","hhhr7/8-6","lineare Funktion","Linear_function"
"hhhr7/8-6c","hhhr7/8-6","Wertetabelle","Table_of_values"
"hhhr7/8-6d","hhhr7/8-6","Steigung","Gradient"
"hhhr7/8-6e","hhhr7/8-6","Nullstellen","Intersections_with_the_axis"
"hhhr7/8-6f","hhhr7/8-6","einen Graphen als Funktion interpretieren","interpret_a_plot_as_a_function"
"hhhr7/8-6g","hhhr7/8-6","Eine lineare Funktion graphisch darstellen","Represent_graph_of_linear_function"
"hhhr7/8-6h","hhhr7/8-6","einen Graphen entwerfen","Design_a_graph"
"hhhr7/8-6i","hhhr7/8-6","einen Graphen interpretieren","Interpret_graph"
"hhhr7/8-6j","hhhr7/8-6","die Steigung einer linearen Funktion grafisch interpretieren","Interpret_graphically_the_gradient_in_linear_function"
"hhhr7/8-6k","hhhr7/8-6","eine Wertetabelle zeichnen","plot_a_function_table"
"hhhr7/8-6l","hhhr7/8-6","Lagebeziehungen von Geraden (nur R)",""
"hhhr7/8-6m","hhhr7/8-6","Prozentrechnen in einfachen Fällen verwenden","Use_percentage_in_simple_cases"
"hhhr7/8-6n","hhhr7/8-6","Prozente anwenden","Apply_percentage"
"hhhr7/8-6o","hhhr7/8-6","mit Promille rechnen",""
"hhhr7/8-6p","hhhr7/8-6","einfache Zinsrechnung anwenden",""
"hhhr7/8-7","hhhr7/8","7/8-7 Beziehungen im Raum - Darstellen und Berechnen von Flächen und Prismen",""
"hhhr7/8-7a","hhhr7/8-7","einfache Figur","Simple_figure"
"hhhr7/8-7b","hhhr7/8-7","Umfang","Perimeter"
"hhhr7/8-7c","hhhr7/8-7","Formel für den Flächeninhalt","Formula_for_area"
"hhhr7/8-7d","hhhr7/8-7","Körper","Solidobjects"
"hhhr7/8-7e","hhhr7/8-7","Einfache Körper","Simple_solid_objects"
"hhhr7/8-7f","hhhr7/8-7","Netz eines Körpers","Net_of_a_solid"
"hhhr7/8-7g","hhhr7/8-7","Prisma","Prism"
"hhhr7/8-7h","hhhr7/8-7","Umformen","Expand"
"hhhr7/8-7i","hhhr7/8-7","dynamische Geometrie-Software","Dynamic_interactive_geometry_environments"
"hhhr7/8-7j","hhhr7/8-7","eine einfache Figur untersuchen","Analyze_simple_figure"
"hhhr7/8-7k","hhhr7/8-7","eine einfache Figur konstruieren","Construct_simple_figure"
"hhhr7/8-7l","hhhr7/8-7","eine Figur mit Zirkel und Lineal konstruieren","Construct_figure_with_ruler_and_compass"
"hhhr7/8-7m","hhhr7/8-7","die Winkelsumme im Dreieck kennen","Know_theorem_about_sum_of_angles_in_triangle"
"hhhr7/8-7n","hhhr7/8-7","die Winkelsumme im Dreieck verwenden","Use_theorem_about_the_sum_of_the_angles_in_triangle"
"hhhr7/8-7o","hhhr7/8-7","den Flächeninhalt eines Dreieck berechnen","Calculate_area_of_triangle"
"hhhr7/8-7p","hhhr7/8-7","die Formel für den Flächeninhalt eines Rechtecks verstehen","Understand_formula_of_area_of_rectangle"
"hhhr7/8-7q","hhhr7/8-7","Umfangs- unf Flächeninhaltsformeln anwenden",""
"hhhr7/8-7r","hhhr7/8-7","Vierecke klassifizieren",""
"hhhr7/8-7s","hhhr7/8-7","verschiedene Darstellungen eines Körpers aufzeigen","Visualise_various_representations_of_same_threeD_object"
"hhhr7/8-7t","hhhr7/8-7","einen einfachen Körper konstruieren","Construct_simple_solid_objects"
"hhhr7/8-7u","hhhr7/8-7","das Netz eines Körpers konstruieren","Construct_net_of_a_solid"
"hhhr7/8-7v","hhhr7/8-7","das Volumen eines geraden Prismas berechnen","Calculate_volume_of_right_prism"
"hhhr7/8-7w","hhhr7/8-7","die Oberfläche eines geraden Prismas berechnen",""
"hhhr7/8-7x","hhhr7/8-7","die Oberfläche durch Zerlegung berechnen","Calculate_area_of_surface_by_decomposing_it"
"hhhr7/8-7y","hhhr7/8-7","etwas mit dynamischen Abbilungen veranschaulichen","Visualise_dynamic_images"
"hhhr7/8-8","hhhr7/8","7/8-8 Daten und Zufall: Glücksspiele",""
"hhhr7/8-8a","hhhr7/8-8","Wahrscheinlichkeit","Probability"
"hhhr7/8-8b","hhhr7/8-8","Durchführung einfacher Wahrscheinlichkeitsberechnungen",""
"hhhr7/8-8c","hhhr7/8-8","die Wahrscheinlichkeit eines verknüpften Ereignis berechnen","Calculate_probability_of_compound_event"
"hhhr7/8-8d","hhhr7/8-8","ein Baumdiagramm zur Berechnung verwenden","use_tree_diagrams_to_count"
"hhhr7/8-8e","hhhr7/8-8","Anwenden der Produktregel (Pfadregel) (nur R)",""
"hhhr7/8-8f","hhhr7/8-8","Anwenden der Summenregel (nur R)",""
"","","",""
"hhhr9/10","hhhr","Jahrgangsstufe 9/10",""
"hhhr9/10-1","hhhr9/10","9/10-1 Quadratwurzeln und reelle Zahlen",""
"hhhr9/10-1a","hhhr9/10-1","Quadratwurzel","Square_root"
"hhhr9/10-1b","hhhr9/10-1","reelle Zahl (nur R)","Real_number"
"hhhr9/10-1c","hhhr9/10-1","irrationale Zahl (nur R)","Irrational_Number"
"hhhr9/10-1d","hhhr9/10-1","die Quadratwurzel einer positiven Zahl mit dem Taschenrechner berechnen","Calculate_square_root_of_positive_number_with_calculator"
"hhhr9/10-1e","hhhr9/10-1","mit Quadratwurzeln rechnen","Calculate_with_square_roots"
"hhhr9/10-1f","hhhr9/10-1","rationale und irrationale Zahlen begreifen (nur R)","Understand_rational_and_irrational_numbers"
"hhhr9/10-1g","hhhr9/10-1","mit irrationale Zahlen rechnen (nur R)","Calculate_with_irrational_numbers"
"hhhr9/10-1h","hhhr9/10-1","Kenne Intervallhalbierungsverfahren (nur R)","Know_bisection_method"
"hhhr9/10-1i","hhhr9/10-1","Teilmengenbeziehungen zwischen Zahlbereichen begreifen (nur R)",""
"hhhr9/10-2","hhhr9/10","9/10-2 Funktionen und Gleichungen",""
"hhhr9/10-2a","hhhr9/10-2","lineare Gleichung","Linear_Equation"
"hhhr9/10-2b","hhhr9/10-2","Lineares Gleichungssystem","Linear_equations_system"
"hhhr9/10-2c","hhhr9/10-2","lineare Gleichungen mit Angabe des Nährungswertes grafisch lösen","Solve_graphically_linear_equation_by_giving_approximate_solution"
"hhhr9/10-2d","hhhr9/10-2","ein lineares Gleichungssystem mit zwei Variablen grafisch lösen","Solve_graphically_system_of_equations"
"hhhr9/10-2e","hhhr9/10-2","analytische Methoden zur Lösung von Gleichungen verwenden (nur R)","Use_analytical_methods_to_solve_equation"
"hhhr9/10-2f","hhhr9/10-2","lineare Gleichungen mit ganzzahligen Koeffizienten lösen","Solve_linear_equation_with_whole_number_coefficients"
"hhhr9/10-2g","hhhr9/10-2","ein Gleichungssystem mit zwei linearen Gleichungen und zwei Unbekannten lösen (nur R)","Solve_system_of_two_linear_equations_with_two_unknowns"
"hhhr9/10-2h","hhhr9/10-2","einfache Bruchterme erweitern und kürzen und multiplizieren (nur R)",""
"hhhr9/10-3a","hhhr9/10","9/10-3 Beziehungen im Raum - Satzgruppe des Pythagoras",""
"hhhr9/10-3aa","hhhr9/10-3","Satz des Pythagoras","PythagorasTheorem"
"hhhr9/10-3ab","hhhr9/10-3","den Satz des Pythagoras kennen","Know_Pythagoras_theorem"
"hhhr9/10-3ac","hhhr9/10-3","den Satz des Pythagoras verstehen","Understand_Pythagoras_theorem"
"hhhr9/10-3ad","hhhr9/10-3","die Umkehrung des Satzes des Pythagoras verstehen",""
"hhhr9/10-3ae","hhhr9/10-3","den Satz des Pythagoras zur Berechnung von Größen verwenden","Use_Pythagoras_theorem_to_obtain_magnitudes"
"hhhr9/10-3af","hhhr9/10-3","die Umkehrung des Satzes des Pythagoras verwenden","Use_converse_of_Pythagoras_theorem"
"hhhr9/10-3ag","hhhr9/10-3","den Beweis für den Satz des Pythagoras verstehen",""
"hhhr9/10-3b","hhhr9/10","9/10-3b Beziehungen im Raum - Strahlensätze (nur R)",""
"hhhr9/10-3ba","hhhr9/10-3b","Strahlensatz","TriangleInterceptTheorem"
"hhhr9/10-3bb","hhhr9/10-3b","Maßstab",""
"hhhr9/10-3bc","hhhr9/10-3b","den Strahlensatz verwenden","Use_proportionality_of_sidelengths_of_triangles_in_particular_configuration"
"hhhr9/10-3c","hhhr9/10","9/10-3c Beziehungen im Raum - Darstellen und Berechnung von Flächen und Körper",""
"hhhr9/10-3ca","hhhr9/10-3c","Kreis","Circle"
"hhhr9/10-3cb","hhhr9/10-3c","Zylinder","Cylinder"
"hhhr9/10-3cc","hhhr9/10-3c","Pyramide","Pyramid"
"hhhr9/10-3cd","hhhr9/10-3c","Kegel","Cone"
"hhhr9/10-3ce","hhhr9/10-3c","Kugel","Sphere"
"hhhr9/10-3cf","hhhr9/10-3c","Umformen","Expand"
"hhhr9/10-3cg","hhhr9/10-3c","wissen und was die Kreislinie (Kreisumfang) ist","Know_circumference"
"hhhr9/10-3ch","hhhr9/10-3c","die Formel für den Kreisumfang verwenden","Use_formula_circle_length"
"hhhr9/10-3ci","hhhr9/10-3c","den Flächeninhalt eines Kreises berechnen","Calculate_area_of_disc_with_given_radius"
"hhhr9/10-3cj","hhhr9/10-3c","die Länge eines Kreisbogens berechnen (nur R)","Calculate_length_of_circular_arc"
"hhhr9/10-3ck","hhhr9/10-3c","Kreisausschnitte berechnen (nur R)",""
"hhhr9/10-3cl","hhhr9/10-3c","Die Manntelfläche eines Zylinders berechnen (nur R)","Calculate_area_of_lateral_surface_of_cylinder"
"hhhr9/10-3cm","hhhr9/10-3c","die Oberfläche eines Zylinders berechnen (nur R)","Calculate_areas_of_cylinder"
"hhhr9/10-3cn","hhhr9/10-3c","das Voumen eines Zylinders berechnen","Calculate_volume_of_revolution_cylinder"
"hhhr9/10-3co","hhhr9/10-3c","das Netz einer Pyramide mit gegebenen Maßen konstruieren","Construct_net_of_pyramid_with_given_dimensions"
"hhhr9/10-3cp","hhhr9/10-3c","Die Mantelfläche einer Pyramide berechnen (nur R)",""
"hhhr9/10-3cq","hhhr9/10-3c","Die Oberfläche einer Pyramide berechnen (nur R)",""
"hhhr9/10-3cr","hhhr9/10-3c","das Volumen einer Pyramide berechnen","Calculate_volume_of_pyramid_using_formula"
"hhhr9/10-3cs","hhhr9/10-3c","das Volumen eines Kegel berechnen","Calculate_volume_of_cone"
"hhhr9/10-3ct","hhhr9/10-3c","eine Kugel darstellen","Represent_sphere_and_great_circles"
"hhhr9/10-3cu","hhhr9/10-3c","das Volumen einer Kugel berechnen","Calculate_volume_of_sphere"
"hhhr9/10-3cv","hhhr9/10-3c","Die Oberfläche der Kugel berechnen (nur R)",""
"hhhr9/10-4","hhhr9/10","9/10-4 Daten und Zahlen: Datenerhebung",""
"hhhr9/10-4a","hhhr9/10-4","Daten","Data"
"hhhr9/10-4b","hhhr9/10-4","statistische Daten","Statistical_data"
"hhhr9/10-4c","hhhr9/10-4","Daten sammeln","Data_collect"
"hhhr9/10-4d","hhhr9/10-4","graphische Darstellung von Daten","Graphical_display_of_data"
"hhhr9/10-4e","hhhr9/10-4","Daten sammeln","Collect_data"
"hhhr9/10-4f","hhhr9/10-4","Daten bearbeiten","To_Process_data"
"hhhr9/10-4g","hhhr9/10-4","grafische Darstellung von Daten verwenden","Use_graphical_display_of_data"
"hhhr9/10-4h","hhhr9/10-4","Daten in einem Diagramm darstellen","Represent_data_in_a_diagram"
"hhhr9/10-5","hhhr9/10","9/10-5 Quadratische Gleichungen und quadratische Funktionen (nur R)",""
"hhhr9/10-5a","hhhr9/10-5","Quadratische Gleichung","Quadratic_Equation"
"hhhr9/10-5b","hhhr9/10-5","quadratische Funktion","Quadratic_function"
"hhhr9/10-5c","hhhr9/10-5","Parabel","Parabola"
"hhhr9/10-5d","hhhr9/10-5","gleichzeitig eine lineare und eine quadratische Gleichung lösen","Solve_simultaneous_equations_one_linear_the_other_quadratic"
"hhhr9/10-5e","hhhr9/10-5","quadratische Gleichungen grafisch und rechnerische lösen",""
"","","Eigenschaften der quadratischen Funktion insbesondere Symmetrieeigenschaften kennen und nutzen",""
"hhhr9/10-6","hhhr9/10","9/10-6 Veränderungen - Wachstum und Abnahme (nur R)",""
"hhhr9/10-6a","hhhr9/10-6","Parabel","Parabola"
"hhhr9/10-6b","hhhr9/10-6","Exponentialfunktion","Exponential_function"
"hhhr9/10-6c","hhhr9/10-6","Potenz","Power"
"hhhr9/10-6d","hhhr9/10-6","Potenzen und Wurzeln von Zahlen berechnen","Calculate_with_powers_roots_numbers_in_standard_form"
"hhhr9/10-6e","hhhr9/10-6","Exponentialdarstellung großer und kleiner Zahlen auf dem Taschenrechner",""
"hhhr9/10-6f","hhhr9/10-6","Zins- und Zinseszinsrechnung",""
"hhhr9/10-7","hhhr9/10","9/10-7 Orientierung im Raum und in der Ebene - Trigonometrie (nur R)",""
"hhhr9/10-7a","hhhr9/10-7","Sinus","Sine"
"hhhr9/10-7b","hhhr9/10-7","Sinussatz",""
"hhhr9/10-7c","hhhr9/10-7","Sinus und Kosinus und Tangens in rechtwinkligen Dreiecken verwenden","Use_relation_between_trig_ratios_and_sides_of_right_triangle"
"hhhr9/10-7d","hhhr9/10-7","Bestimmen von Längen und Winkeln in nicht rechtwinkligen Dreiecken",""
"hhhr9/10-7e","hhhr9/10-7","Bestimmen von Sinus- und Kosinuswerten im Einheitskreis",""
"hhhr9/10-8","hhhr9/10","9/10-8 Statistik und Wahrscheinlichkeit",""
"hhhr9/10-8a","hhhr9/10-8","Statistik","Statistics"
"hhhr9/10-8b","hhhr9/10-8","Wahrscheinlichkeit","Probability"
"hhhr9/10-8c","hhhr9/10-8","die Wahrscheinlichkeit im bekannten Zusammenhang berechnen","Calculate_probability_in_familiar_context"
"hhhr9/10-8d","hhhr9/10-8","die Wahrscheinlichkeit eines verknüpften Ereignis berechnen (nur R)","Calculate_probability_of_compound_event"
"hhhr9/10-8e","hhhr9/10-8","Gewinnen und Aufbereiten und Auswerten statistischer Daten und Erhebungen (nur R)",""
"","","",""
"","","",""
"hhgy","hh","Gymnasium 8-stufig",""
"",""," ",""
"hhgy5/6","hhgy","Jahrgangsstufe 5/6",""
"hhgy5/6-1","hhgy5/6","5/6-1 Natürliche Zahlen – groß und klein",""
"hhgy5/6-1a","hhgy5/6-1","Potenz","Power"
"hhgy5/6-1b","hhgy5/6-1","natürliche Zahl","Natural_number"
"hhgy5/6-1c","hhgy5/6-1","Variable","Variable"
"hhgy5/6-1d","hhgy5/6-1","Potenzen und Wurzeln von Zahlen berechnen","Calculate_with_powers_roots_numbers_in_standard_form"
"hhgy5/6-1e","hhgy5/6-1","im Kopf rechnen","Calculate_mentally"
"hhgy5/6-1f","hhgy5/6-1","auf eine aussagekräftigen Zahl runden","Estimate_by_rouding_to_one_significant_figure"
"hhgy5/6-1g","hhgy5/6-1","kennen Eigenschaften natürlicher Zahlen",""
"hhgy5/6-2","hhgy5/6","5/6-2 Figuren und Körper – Herstellen und Messen und Strukturieren",""
"hhgy5/6-2a","hhgy5/6-2","Winkel","Angle_fig"
"hhgy5/6-2b","hhgy5/6-2","Viereck","Quadrilateral"
"hhgy5/6-2c","hhgy5/6-2","Würfel","Cube"
"hhgy5/6-2d","hhgy5/6-2","Quader","Right_parallelepiped"
"hhgy5/6-2e","hhgy5/6-2","geometrisches Vokabular verwenden","Use_geometric_vocabulary"
"hhgy5/6-2f","hhgy5/6-2","einen Winkel gegebener Größe konstruieren (mit Hilfe eines Winkelmessers)","Construct_angle_with_given_measure_with_protractor"
"hhgy5/6-2g","hhgy5/6-2","Wissen wie man einen Winkelmesser verwendet","Use_protractor"
"hhgy5/6-2h","hhgy5/6-2","wissen und was ein Viereck ist","Know_quadrilateral"
"hhgy5/6-2i","hhgy5/6-2","die Eigenschaften eines Vierecks kennen","Know_properties_of_quadrilaterals"
"hhgy5/6-2j","hhgy5/6-2","die Eigenschaften von Vierecken verwenden","Use_properties_of_quadrilaterals"
"hhgy5/6-2k","hhgy5/6-2","das Netz eines Würfels interpretieren","Interpret_net_of_cube"
"hhgy5/6-2l","hhgy5/6-2","schätzen","Estimate_measure"
"hhgy5/6-2m","hhgy5/6-2","Propädeutik von Brüchen",""
"hhgy5/6-2n","hhgy5/6-2","haben Grundvorstellungen von Länge und Flächeninhalt und Volumen",""
"hhgy5/6-o","hhgy5/6-2","einfache geometrische Gebilde in verschiedenen Lagebeziehungen darstellen",""
"hhgy5/6-3","hhgy5/6","5/6-3 „Weißt du und wie viel Sternlein stehen ...?“ – Beschreibende Statistik",""
"hhgy5/6-3a","hhgy5/6-3","Daten","Data"
"hhgy5/6-3b","hhgy5/6-3","absolute Häufigkeit","Absolute_frequency"
"hhgy5/6-3c","hhgy5/6-3","relative Häufigkeit","Relative_frequency"
"hhgy5/6-3d","hhgy5/6-3","Daten analysieren","Analyze_data"
"hhgy5/6-3e","hhgy5/6-3","grafische Darstellung von Daten verwenden","Use_graphical_display_of_data"
"hhgy5/6-3f","hhgy5/6-3","Daten (graphisch) darstellen","Represent_data"
"hhgy5/6-3g","hhgy5/6-3","Daten in einem Diagramm darstellen","Represent_data_in_a_diagram"
"hhgy5/6-3h","hhgy5/6-3","ein Tabellenkalkulationsprogramm zur Darstellung von Daten verwenden","Use_spreadsheet_to_represent_data"
"hhgy5/6-3i","hhgy5/6-3","den Median einer Datenreihe interpretieren","Interpret_median_of_statistical_series"
"hhgy5/6-3j","hhgy5/6-3","die Bedeutung des Mittelwerts von diskreten Daten verstehen","Understand_mean_of_discrete_data"
"hhgy5/6-3k","hhgy5/6-3","das arithmetische Mittel einer Gruppe von Daten schätzen","Estimate_mean_of_data_set"
"hhgy5/6-3l","hhgy5/6-3","die relative Häufigkeit berechnen","Calculate_relative_frequency"
"hhgy5/6-4","hhgy5/6","5/6-4 Anteile und Prozente",""
"hhgy5/6-4a","hhgy5/6-4","mit Bruchzahlen rechnen","Calculate_on_fractions"
"hhgy5/6-4b","hhgy5/6-4","die Äuivalenz zwischen Brüchen und Dezimalzahlen und Prozenten verstehen","Understand_equivalence_between_fractions_decimals_percentages"
"hhgy5/6-4c","hhgy5/6-4","Dezimalzahlen anordnen","Sort_decimal_numbers"
"hhgy5/6-4d","hhgy5/6-4","positive oder negative Brüche mit Dezimalzahlen vergleichen","Compare_two_postive_or_negative_fractions_or_decimal_numbers"
"hhgy5/6-4e","hhgy5/6-4","den Umgang mit den Größen Zeit und Masse beherrschen",""
"hhgy5/6-4f","hhgy5/6-4","Die Bedeutung von 'Prozent' kennen","Know_meaning_of_percentage"
"hhgy5/6-4g","hhgy5/6-4","Prozentrechnen in einfachen Fällen verwenden","Use_percentage_in_simple_cases"
"hhgy5/6-4h","hhgy5/6-4","Prozente anwenden","Apply_percentage"
"hhgy5/6-4i","hhgy5/6-4","Verhältnisse durch einfache Brüche und Prozentzahlen beschreiben","Describe_proportions_by_simple_fractions_or_percentages"
"hhgy5/6-5","hhgy5/6","5/6-5 Messen und Berechnen – in der Ebene und im Raum",""
"hhgy5/6-5a","hhgy5/6-5","mit Bruchzahlen rechnen","Calculate_on_fractions"
"hhgy5/6-5b","hhgy5/6-5","die Formel für den Flächeninhalt eines Rechtecks verstehen","Understand_formula_of_area_of_rectangle"
"hhgy5/6-5c","hhgy5/6-5","den Flächeninhalt eines rechtwinkligen Dreiecks berechnen","Calculate_area_of_right_angled_triangle"
"hhgy5/6-5d","hhgy5/6-5","die exakten Einheiten verwenden","Use_units_in_calculations_of_magnitudes"
"hhgy5/6-5e","hhgy5/6-5","die Umrechnung von Masseeinheiten berechnen","Calculate_change_of_units_for_mass"
"hhgy5/6-5f","hhgy5/6-5","das Volumen eines Quaders berechnen",""
"hhgy5/6-5g","hhgy5/6-5","den Flächeninhalt eines Rechtecks berechnen",""
"hhgy5/6-6","hhgy5/6","5/6-6 Experimentieren mit dem Zufall",""
"hhgy5/6-6a","hhgy5/6-6","Wahrscheinlichkeit","Probability"
"hhgy5/6-6b","hhgy5/6-6","Laplace- Experimente","Laplace_rule"
"hhgy5/6-6c","hhgy5/6-6","die relative Häufigkeit berechnen","Calculate_relative_frequency"
"hhgy5/6-6d","hhgy5/6-6","die Wahrscheinlichkeit im bekannten Zusammenhang berechnen","Calculate_probability_in_familiar_context"
"hhgy5/6-6e","hhgy5/6-6","die Bedeutung des Mittelwerts von diskreten Daten verstehen","Understand_mean_of_discrete_data"
"hhgy5/6-6f","hhgy5/6-6","den Mittelwert von diskreten Daten verwenden","use_mean_to_solve_problems "
"","","",""
"hhgy7/8","hhgy","Jahrgangsstufe 7/8",""
"hhgy7/8-1","hhgy7/8","7/8-1 Über Null und unter Null",""
"hhgy7/8-1a","hhgy7/8-1","Variable","Variable"
"hhgy7/8-1b","hhgy7/8-1","Dezimalzahlen anordnen","Sort_decimal_numbers"
"hhgy7/8-1c","hhgy7/8-1","negative Zahlen (im Kontext) ordnen","ToOrder_negative_numbers_in_context"
"hhgy7/8-1d","hhgy7/8-1","positive oder negative Brüche mit Dezimalzahlen vergleichen","Compare_two_postive_or_negative_fractions_or_decimal_numbers"
"hhgy7/8-2","hhgy7/8","7/8-2 „Wetten und dass...!“ Wahrscheinlichkeiten und Erwartungswerte / „Welche Urne ist das?“ Erste Schritte in die schließende Statistik",""
"hhgy7/8-2a","hhgy7/8-2","Wahrscheinlichkeit","Probability"
"hhgy7/8-2b","hhgy7/8-2","Laplace- Experimente","Laplace_rule"
"hhgy7/8-2c","hhgy7/8-2","die Wahrscheinlichkeit eines verknüpften Ereignis berechnen","Calculate_probability_of_compound_event"
"hhgy7/8-2d","hhgy7/8-2","ein Baumdiagramm zur Berechnung verwenden","use_tree_diagrams_to_count"
"hhgy7/8-2e","hhgy7/8-2","Berechnung von Erwartungswerten",""
"hhgy7/8-2f","hhgy7/8-2","Bernoulliexperimente und -ketten",""
"hhgy7/8-2g","hhgy7/8-2","Summen- und Produktregel der Wahrscheinlichkeitsrechnung verwenden",""
"hhgy7/8-3","hhgy7/8","7/8-3 Grundlegendes für Funktionen",""
"hhgy7/8-3a","hhgy7/8-3","Funktion","Function"
"hhgy7/8-3b","hhgy7/8-3","Wertetabelle","Table_of_values"
"hhgy7/8-3c","hhgy7/8-3","Graph","Plots"
"hhgy7/8-3d","hhgy7/8-3","eine Wertetabelle zeichnen","plot_a_function_table"
"hhgy7/8-3e","hhgy7/8-3","einen Graphen als Funktion interpretieren","interpret_a_plot_as_a_function"
"hhgy7/8-3f","hhgy7/8-3","die grafische Charakteristik der Proportionalität verwenden","Use_graphical_characterization_of_proportionality"
"hhgy7/8-3g","hhgy7/8-3","den Dreisatz verwenden","Use_rule_of_three"
"hhgy7/8-3h","hhgy7/8-3","Maßstäbe von Diagrammen sinnvoll wählen",""
"hhgy7/8-3i","hhgy7/8-3","kennen Grundbegriffe von Funktionen: Definitionsmenge und Wertebereich und Argument und Funktionswert und Zuweisungsvorschrift",""
"hhgy7/8-4","hhgy7/8","7/8-4 Gestalt und Figur: Gleichheit und Berechnung",""
"hhgy7/8-4a","hhgy7/8-4","kongruent","Congruent"
"hhgy7/8-4b","hhgy7/8-4","Gerade","Straight_Line"
"hhgy7/8-4c","hhgy7/8-4","Winkel","Angle_fig"
"hhgy7/8-4d","hhgy7/8-4","Trapez","Trapezoid"
"hhgy7/8-4e","hhgy7/8-4","Quader","Right_parallelepiped"
"hhgy7/8-4f","hhgy7/8-4","Gerades Prisma","Right-Prism"
"hhgy7/8-4g","hhgy7/8-4","Zylinder","Cylinder"
"hhgy7/8-4h","hhgy7/8-4","Kongruenz verstehen","Understand_congruence"
"hhgy7/8-4i","hhgy7/8-4","Kongruenz verwenden","Use_congruence"
"hhgy7/8-4j","hhgy7/8-4","einen Winkel gegebener Größe konstruieren (mit Hilfe eines Winkelmessers)","Construct_angle_with_given_measure_with_protractor"
"hhgy7/8-4k","hhgy7/8-4","einen Winkel übertragen","Transfer_an_angle"
"hhgy7/8-4l","hhgy7/8-4","die Winkelhalbierende kennen","Know_angle_bisector"
"hhgy7/8-4m","hhgy7/8-4","die Definition der Winkelhalbierenden kennen","Know_angle_bisector_definition"
"hhgy7/8-4n","hhgy7/8-4","den Flächeninhalt eines Dreieck berechnen","Calculate_area_of_triangle"
"hhgy7/8-4o","hhgy7/8-4","wissen und wie die Fläche eines Rechtecks berechnet wird","Know_area_of_rectangle"
"hhgy7/8-4p","hhgy7/8-4","den Flächeninhalt eines Kreises berechnen","Calculate_area_of_disc_with_given_radius"
"hhgy7/8-4q","hhgy7/8-4","die Formel für den Kreisumfang verwenden","Use_formula_circle_length"
"hhgy7/8-4r","hhgy7/8-4","das Volumen eines geraden Prismas berechnen","Calculate_volume_of_right_prism"
"hhgy7/8-4s","hhgy7/8-4","das Voumen eines Zylinders berechnen","Calculate_volume_of_revolution_cylinder"
"hhgy7/8-4t","hhgy7/8-4","die Oberfläche eines Zylinders berechnen","Calculate_areas_of_cylinder"
"hhgy7/8-4u","hhgy7/8-4","Prozentrechnen in einfachen Fällen verwenden","Use_percentage_in_simple_cases"
"hhgy7/8-4v","hhgy7/8-4","Prozente anwenden","Apply_percentage"
"hhgy7/8-4w","hhgy7/8-4","den Dreisatz verwenden","Use_rule_of_three"
"hhgy7/8-5","hhgy7/8","7/8-5 Linearisierbare Prozesse",""
"hhgy7/8-5a","hhgy7/8-5","Gleichungen","Equations"
"hhgy7/8-5b","hhgy7/8-5","lineare Gleichung","Linear_Equation"
"hhgy7/8-5c","hhgy7/8-5","Gleichungssystem","System_of_equations"
"hhgy7/8-5d","hhgy7/8-5","Terme berechnen","Evaluate_algebraic_formula"
"hhgy7/8-5e","hhgy7/8-5","einen algebraischen Term ausmultiplizieren","Expand_algebraic_expression"
"hhgy7/8-5f","hhgy7/8-5","die binomischen Formeln zur Lösung von Gleichungen verwenden","Use_binomial_identities_in_solving_equation"
"hhgy7/8-5g","hhgy7/8-5","Gleichungen verändern","Manipulate_equations"
"hhgy7/8-5h","hhgy7/8-5","lineare Gleichungen mit ganzzahligen Koeffizienten lösen","Solve_linear_equation_with_whole_number_coefficients"
"hhgy7/8-5i","hhgy7/8-5","ein Gleichungssystem mit zwei linearen Gleichungen und zwei Unbekannten lösen","Solve_system_of_two_linear_equations_with_two_unknowns"
"hhgy7/8-5j","hhgy7/8-5","Schnittpunktsbestimmung zweier Graphen",""
"hhgy7/8-5k","hhgy7/8-5","einen algebraischen Term ausklammern",""
"hhgy7/8-5l","hhgy7/8-5","Gleichungen lösen",""
"hhgy7/8-6","hhgy7/8","7/8-6 Erzeugen und Konstruieren und Zerlegen und Berechnen",""
"hhgy7/8-6a","hhgy7/8-6","Dreieck","Triangle"
"hhgy7/8-6b","hhgy7/8-6","dynamische Geometrie-Software","Dynamic_interactive_geometry_environments"
"hhgy7/8-6c","hhgy7/8-6","Konstruieren eines Dreiecks","Construct_triangle"
"hhgy7/8-6d","hhgy7/8-6","die Definition der Höhe kennen","Know_height_definition"
"hhgy7/8-6e","hhgy7/8-6","die Definition der Höhe in einem Dreieck verwenden","Use_height_definition"
"hhgy7/8-6f","hhgy7/8-6","wissen und was eine Mittelsenkrechte ist","Know_perpendicular_bisector"
"hhgy7/8-6g","hhgy7/8-6","die Mittelsenkrechte einer Strecke konstruieren","Construct_perpendicular_bisector"
"hhgy7/8-6h","hhgy7/8-6","den Umkreis von einfachen Figuren finden","Calculate_perimeter"
"hhgy7/8-6i","hhgy7/8-6","die Definition der Winkelhalbierenden kennen","Know_angle_bisector_definition"
"hhgy7/8-6j","hhgy7/8-6","den Inkreis eines Dreiecks konstruieren","Construct_inscribed_circle_in_triangle "
"hhgy7/8-6k","hhgy7/8-6","den Schnittpunkt der 3 Winkelhalbierenden (Inkreismittelpunkt) kennen","Know_intersection_of_three_angle_bisectors_in_triangle"
"hhgy7/8-6l","hhgy7/8-6","die Definition der Seitenhalbierenden in einem Dreieck verwenden","Use_definition_of_median_in_triangle"
"hhgy7/8-6m","hhgy7/8-6","den Satz des Thales kennen","Know_Thales_Circle_theorem"
"hhgy7/8-6n","hhgy7/8-6","den Satz des Pythagoras verstehen","Understand_Pythagoras_theorem "
"hhgy7/8-6o","hhgy7/8-6","den Strahlensatz verwenden","Use_proportionality_of_sidelengths_of_triangles_in_particular_configuration"
"hhgy7/8-6p","hhgy7/8-6","Potenzen und Wurzeln von Zahlen berechnen","Calculate_with_powers_roots_numbers_in_standard_form"
"hhgy7/8-6q","hhgy7/8-6","etwas mit dynamischen Abbilungen veranschaulichen","Visualise_dynamic_images"
"","","",""
"hhgy9/10","hhgy","Jahrgangsstufe 9/10",""
"hhgy9/10-1","hhgy9/10","9/10-1 Über die linearen Funktionen hinaus",""
"hhgy9/10-1a","hhgy9/10-1","Kompetenzen zu Funktionen","FunctionsCompetency "
"hhgy9/10-1b","hhgy9/10-1","Graphen skizzieren","Sketch_graph"
"hhgy9/10-1c","hhgy9/10-1","Funktion","Function"
"hhgy9/10-1d","hhgy9/10-1","Hyperbelfunktion","Hyperbolic_function"
"hhgy9/10-1e","hhgy9/10-1","quadratische Funktion","Quadratic_function"
"hhgy9/10-1f","hhgy9/10-1","Quadratische Gleichung","Quadratic_Equation"
"hhgy9/10-1g","hhgy9/10-1","Potenzfunktionen",""
"hhgy9/10-1h","hhgy9/10-1","Wurzelfunktionen",""
"hhgy9/10-1i","hhgy9/10-1","gleichzeitig eine lineare und eine quadratische Gleichung lösen","Solve_simultaneous_equations_one_linear_the_other_quadratic "
"hhgy9/10-1j","hhgy9/10-1","einen Graphen entwerfen","Design_a_graph"
"hhgy9/10-1k","hhgy9/10-1","einen Graphen qualitativ beschreiben","describe_qualitatively_real_world_plots "
"hhgy9/10-1l","hhgy9/10-1","einen Graphen interpretieren","Interpret_graph "
"hhgy9/10-1m","hhgy9/10-1","Quadratische Gleichungen lösen",""
"hhgy9/10-1n","hhgy9/10-1","Quadratische Gleichungen umformen",""
"hhgy9/10-1o","hhgy9/10-1","Benutze Taschenrecher","Use_calculators "
"hhgy9/10-1p","hhgy9/10-1","genaue mathematische Grafiken von Hand oder mit dem Computer erstellen","Create_accurate_mathematical_diagrams_on_paper_and_on_screen"
"hhgy9/10-1q","hhgy9/10-1","eine Tabellenkalkulation (mit einem Programm) erstellen","Create_a_sheet_in_a_spreadsheet"
"hhgy9/10-1r","hhgy9/10-1","Einen Graph mit den Daten aus einer Tabellenkalkulation erstellen","Create_a_graph_from_a_set_of_data_of_a_spread_sheet"
"hhgy9/10-2a","hhgy9/10","9/10-2 Lernen aus Erfahrung – Entscheidungen unter Unsicherheit",""
"hhgy9/10-2b","hhgy9/10-2","bedingte Wahrscheinlichkeit","Conditional_probability"
"hhgy9/10-2c","hhgy9/10-2","Wahrscheinlichkeit","Probability"
"hhgy9/10-2d","hhgy9/10-2","die Wahrscheinlichkeit eines verknüpften Ereignis berechnen","Calculate_probability_of_compound_event"
"hhgy9/10-2e","hhgy9/10-2","aus Zufallsexperimenten Schlussfolgerungen auf den zugrunde liegenden Zufallsprozess ziehen",""
"hhgy9/10-2f","hhgy9/10-2","bedingte Wahrscheinlichkeiten mithilfe von Baumdiagrammen und/oder Vierfeldertafeln berechnen",""
"hhgy9/10-2g","hhgy9/10-2","die Bayes-Regel anwenden",""
"hhgy9/10-3","hhgy9/10","9/10-3 Über die Alltagswelt hinaus: Reelle Zahlen",""
"hhgy9/10-3a","hhgy9/10-3","reelle Zahl","Real_number"
"hhgy9/10-3b","hhgy9/10-3","Heron-Verfahren","Heron_Method"
"hhgy9/10-3c","hhgy9/10-3","Potenzen und Wurzeln von Zahlen berechnen","Calculate_with_powers_roots_numbers_in_standard_form "
"hhgy9/10-3d","hhgy9/10-3","mit Quadratwurzeln rechnen","Calculate_with_square_roots"
"hhgy9/10-3e","hhgy9/10-3","das Ergebnis des Taschenrechners (kontextabhängig) interpretieren","Interpret_result_given_by_calculator_in_context "
"hhgy9/10-4","hhgy9/10","9/10-4 Trigonometrische Funktionen: Periodische Prozesse und Dreiecke",""
"hhgy9/10-4a","hhgy9/10-4","trigonometrische Funktion","Trigonometric_function"
"hhgy9/10-4b","hhgy9/10-4","trigonometrische Verhältnisse","Trigonometric_ratio"
"hhgy9/10-4c","hhgy9/10-4","Sinus","Sine"
"hhgy9/10-4d","hhgy9/10-4","Kosinus","Cosine"
"hhgy9/10-4e","hhgy9/10-4","Formel","Formula"
"hhgy9/10-4f","hhgy9/10-4","trigonometrische Verhältnisse berechnen","Calculate_trigonometric_ratio"
"hhgy9/10-4g","hhgy9/10-4","trigonometrische Funktionen graphisch darstellen","Plot_trigonometric_functions"
"hhgy9/10-4h","hhgy9/10-4","Sinus und Kosinus und Tangens in rechtwinkligen Dreiecken verwenden","Use_relation_between_trig_ratios_and_sides_of_right_triangle "
"hhgy9/10-4i","hhgy9/10-4","eine einfache Formel erstellen","Create_expression_with_letters "
"hhgy9/10-5","hhgy9/10","9/10-5 Wachstumsprozesse",""
"hhgy9/10-5a","hhgy9/10-5","Exponentialfunktion","Exponential_function"
"hhgy9/10-5b","hhgy9/10-5","Logarithmus Funktion","Logarithmic_function"
"hhgy9/10-5c","hhgy9/10-5","arbeiten mit der Zahl e",""
"hhgy9/10-5d","hhgy9/10-5","Zins- und Zinseszinsrechnung anwenden",""
"hhgy9/10-5e","hhgy9/10-5","kennen Rechengesetze für Exponential- und Logarithmenrechnung",""
"hhgy9/10-5f","hhgy9/10-5","den Logarithmus als Berechnungshilfe verwended",""
"hhgy9/10-6","hhgy9/10","9/10-6 Funktionen und Änderungsraten",""
"hhgy9/10-6a","hhgy9/10-6","Schnittpunkte mit der x undy- Achse","Intersections_with_the_axis"
"hhgy9/10-6b","hhgy9/10-6","bestimmen von (lokalen) Änderungsraten (graphisch und rechnerisch)",""
"hhgy9/10-6c","hhgy9/10-6","Ableitungen von Funktionen bestimmen",""
"hhgy9/10-6d","hhgy9/10-6","die Summen- und die Faktorregel anwenden",""
"hhgy9/10-6e","hhgy9/10-6","Elementare Optimierungsprobleme (graphisch und rechnerisch lösen)",""
"hhgy9/10-6f","hhgy9/10-6","Eigenschaften von Funktionsklassen (Verlauf des Graphen und Nullstellen und Randverhalten…) bestimmen",""
"","","",""
"hhgyo","hhgy","Gymnasiale Oberstufe",""
"hhgyov","hhgyo","Vorstufe",""
"hhgyov1","hhgyov","V1 - Von Daten zu Funktionen",""
"hhgyov1a","hhgyov1","Daten","Data"
"hhgyov1b","hhgyov1","statistische Daten","Statistical_data"
"hhgyov1c","hhgyov1","empirische Daten",""
"hhgyov1d","hhgyov1","deterministische Daten",""
"hhgyov1e","hhgyov1","zufällige Daten",""
"hhgyov1f","hhgyov1","diskrete Daten",""
"hhgyov1g","hhgyov1","kontinuierliche Daten",""
"hhgyov1h","hhgyov1","Funktionsklassen",""
"hhgyov1i","hhgyov1","Gleichungen","Equations"
"hhgyov1j","hhgyov1","Lineares Gleichungssystem","Linear_equations_system"
"hhgyov1k","hhgyov1","Schnittpunkte mit der x undy- Achse","Intersections_with_the_axis"
"hhgyov1l","hhgyov1","bestimmen von (lokalen) Änderungsraten (graphisch und rechnerisch)",""
"hhgyov1m","hhgyov1","Ableitungen von Funktionen bestimmen",""
"hhgyov1n","hhgyov1","die Summen- und die Faktorregel anwenden",""
"hhgyov1o","hhgyov1","Elementare Optimierungsprobleme (graphisch)",""
"hhgyov2","hhgyov","V2 - Graphen (Daten- und Beziehungsstrukturen und elementare Aspekte)",""
"hhgyov2a","hhgyov2","Funktion","Function"
"hhgyov2b","hhgyov2","Wertetabelle","Table_of_values"
"hhgyov2c","hhgyov2","Graph","Plots"
"hhgyov2d","hhgyov2","eine Wertetabelle zeichnen","plot_a_function_table"
"hhgyov2e","hhgyov2","einen Graphen als Funktion interpretieren","interpret_a_plot_as_a_function"
"hhgyov2f","hhgyov2","einen Graphen qualitativ beschreiben","describe_qualitatively_real_world_plots"
"hhgyov3","hhgyov","V3 - Iteration",""
"hhgyov3a","hhgyov3","lineares und exponentielles Wachstum als Beispiel für Iteration verstehen",""
"hhgyov4","hhgyov","V4 - Lineare Optimierung",""
"hhgyov4a","hhgyov4","Aufstellen einer Gleichung","Set_up_an_equation"
"hhgyov4b","hhgyov4","Funktionsgleichung","Formula_of_a_function"
"hhgyov4c","hhgyov4","lineare Ungleichung mit einer Variablen","Linear_inequation_with_one_variable"
"hhgyov4d","hhgyov4","eine Gleichung aufstellen","Set_up_an_equation_for_a_word_problem"
"hhgyov4e","hhgyov4","Aufstellen eines Systems linearer Ungleichungen und Veranschaulichung im Koordinatensystem",""
"hhgyov5","hhgyov","V5 - Geometrie",""
"hhgyov5a","hhgyov5","Geometrischer Ort","Locus"
"hhgyov5b","hhgyov5","Kreis","Circle"
"hhgyov5c","hhgyov5","Ellipse","Ellipse"
"hhgyov5d","hhgyov5","Parabel","Parabola"
"hhgyov5e","hhgyov5","Hyperbel",""
"hhgyov5f","hhgyov5","Tangente","Tangent"
"hhgyov5g","hhgyov5","Normale",""
"hhgyov5h","hhgyov5","Sekante","Secant"
"hhgyov5i","hhgyov5","Kugel","Sphere"
"hhgyov5j","hhgyov5","Paraboloid",""
"hhgyov5k","hhgyov5","Erkennen oder Identifizieren","Recognise_or_Identify"
"hhgyov6","hhgyov","V6 - Von der mittleren zur lokalen Änderung",""
"hhgyov6a","hhgyov6","Ableiten ganzrationaler Funktionen",""
"hhgyov6b","hhgyov6","bestimmen von (lokalen) Änderungsraten (graphisch und rechnerisch)",""
"hhgyov6c","hhgyov6","Ableitungen von Funktionen bestimmen",""
"hhgyov6d","hhgyov6","die Summen- und die Faktorregel anwenden",""
"hhgyov6e","hhgyov6","Elementare Optimierungsprobleme (graphisch und rechnerisch lösen)",""
"hhgyov6f","hhgyov6","geometrische Deutung der Zusammenhänge zwischen Fläche und Umfang bzw. Volumen und Oberfläche",""
"","","",""
"hhgyoe","hhgyo","Vorstufe Ergänzungskurs",""
"hhgyoe1","hhgyoe","E1 - Beschreibende Statistik",""
"hhgyoe1a","hhgyoe1","Datenanalyse","Data_analysis"
"hhgyoe1b","hhgyoe1","Wahrscheinlichkeitsverteilung","Probability_distribution"
"hhgyoe1c","hhgyoe1","Median einer statistischen Verteilung","Median-number"
"hhgyoe1d","hhgyoe1","geometrisches Mittel",""
"hhgyoe1e","hhgyoe1","gewichtetes Mittel",""
"hhgyoe1f","hhgyoe1","Modalwert",""
"hhgyoe1g","hhgyoe1","Boxplots",""
"hhgyoe1h","hhgyoe1","Kausalität",""
"hhgyoe1i","hhgyoe1","Die Begriffe Erwartungswert und Spannweite und mittlere quadratische Abweichung und Standardabweichung kennen",""
"hhgyoe1j","hhgyoe1","lineare Regression verstehen",""
"hhgyoe1k","hhgyoe1","Daten analysieren","Analyze_data "
"hhgyoe1l","hhgyoe1","was Korrelation bedeutet und verstehen","Understand_correlation "
"hhgyoe1m","hhgyoe1","ein arithmetisches Mittel interpretieren","Interpret_a_mean"
"hhgyoe1n","hhgyoe1","das arithmetische Mittel und die Standartabweichung interpretieren","interpret_mean_and_deviation "
"hhgyoe1o","hhgyoe1","zwei Verteilungen unter Berücksichtigung der Spannweite und des arith. Mittels und des Medians vergleichen","Compare_distributions"
"hhgyoe2","hhgyoe","E2 - Dynamische Systeme",""
"hhgyoe2a","hhgyoe2","Differenzenrechnung",""
"hhgyoe2b","hhgyoe2","Wachstum",""
"hhgyoe2c","hhgyoe2","mit Differenzengleichungen 1. Ordnung rechnen",""
"hhgyoe2d","hhgyoe2","mit Systemen von Differenzengleichungen rechnen",""
"hhgyoe2e","hhgyoe2","mit Differenzengleichungen 2. Ordnung rechnen",""
"","","",""
"hhgyog","hhgyo","Grundkurse",""
"hhgyog1","hhgyos","G1 - Von der Änderungsrate zum Bestand",""
"hhgyog1a","hhgyog1","verstehen den Hauptsatz der Differential- und Integralrechnung",""
"hhgyog1b","hhgyog1","Ableitungen von Funktionen bestimmen",""
"hhgyog1c","hhgyog1","die Summen- und die Faktorregel anwenden",""
"hhgyog1d","hhgyog1","beherrschen numerische Berechnung von Integralen",""
"hhgyog2","hhgyos","G2 - Matrizen und Vektoren als Datenspeicher",""
"hhgyog2a","hhgyog2","Vektor","Vector"
"hhgyog2b","hhgyog2","Matrix",""
"hhgyog2c","hhgyog2","Vektoraddition",""
"hhgyog2d","hhgyog2","Skalarprodukt",""
"hhgyog2e","hhgyog2","Iteration",""
"hhgyog2f","hhgyog2","Rekursion",""
"hhgyog2g","hhgyog2","Gaußsches Eliminationsverfahren",""
"hhgyog3","hhgyos","G3 - Der Zufall steht Modell",""
"hhgyog3a","hhgyog3","Random Walk",""
"hhgyog3b","hhgyog3","Bernoulli-Kette",""
"hhgyog3c","hhgyog3","Binomialverteilung",""
"hhgyog3d","hhgyog3","Zufallsgrößen und ihre Verteilungen und Kennwerte: Erwartungswert und Varianz und Standardabweichung",""
"hhgyog3e","hhgyog3","Normalverteilung",""
"hhgyog4","hhgyos","G4 - Änderungsraten und Bestände",""
"hhgyog4a","hhgyog4","Ableitungsregeln",""
"hhgyog4b","hhgyog4","Ableitungsfunktion",""
"hhgyog4c","hhgyog4","Differenzierbarkeit",""
"hhgyog4d","hhgyog4","Logarithmus Funktion","Logarithmic_function"
"hhgyog4e","hhgyog4","Stammfunktion",""
"hhgyog4f","hhgyog4","ableiten von Potenzfunktionen",""
"hhgyog4g","hhgyog4","ableiten von Exponentialfunktionen",""
"hhgyog4h","hhgyog4","ableiten von periodischen Funktionen",""
"hhgyog4i","hhgyog4","verstehen den Hauptsatz der Differential- und Integralrechnung",""
"hhgyog4j","hhgyog4","kennen die wichtigsten Stammfunktionen",""
"hhgyog5","hhgyos","G5 - Analytische Geometrie",""
"hhgyog5a","hhgyog5","Vektor","Vector"
"hhgyog5b","hhgyog5","Gleichung einer Ebene","Equation_of_a_plane"
"hhgyog5c","hhgyog5","Ebene in einem Koordinatensystem","Plane_in_coordinate_system"
"hhgyog5d","hhgyog5","Lineares Gleichungssystem","Linear_equations_system"
"hhgyog5e","hhgyog5","das Skalarprodukt zur Bestimmung von Winkeln und Abständen verwenden",""
"hhgyog6","hhgyos","G6 - Anwendungsprobleme der Stochastik",""
"hhgyog6a","hhgyog6","Hypothese","Hypothesis"
"hhgyog6b","hhgyog6","eine Hypothese prüfen","Test_hypothesis"
"hhgyog6c","hhgyog6","verstehen die Bayes’sche Entscheidungstheorie",""
"hhgyog6d","hhgyog6","verstehen Signifikanz",""
"hhgyog6e","hhgyog6","was Korrelation bedeutet und verstehen","Understand_correlation "
"hhgyog6f","hhgyog6","verstehen Kausalität",""
"","","",""
"hhgyol","hhgyo","Leistungskurse",""
"hhgyol1","hhgyol","L1 - Von der Änderungsrate zum Bestand",""
"hhgyol1a","hhgyol1","verstehen den Hauptsatz der Differential- und Integralrechnung",""
"hhgyol1b","hhgyol1","Ableitungen von Funktionen bestimmen",""
"hhgyol1c","hhgyol1","die Summen- und die Faktorregel anwenden",""
"hhgyol1d","hhgyol1","beherrschen numerische Berechnung von Integralen",""
"hhgyol2","hhgyol","L2 - Matrizen und Vektoren als Datenspeicher",""
"hhgyol2a","hhgyol2","Vektor","Vector"
"hhgyol2b","hhgyol2","Matrix",""
"hhgyol2c","hhgyol2","Vektoraddition",""
"hhgyol2d","hhgyol2","Skalarprodukt",""
"hhgyol2e","hhgyol2","Iteration",""
"hhgyol2f","hhgyol2","Rekursion",""
"hhgyol2g","hhgyol2","Gaußsches Eliminationsverfahren",""
"hhgyol3","hhgyol","L3 - Der Zufall steht Modell",""
"hhgyol3a","hhgyol3","Random Walk",""
"hhgyol3b","hhgyol3","Bernoulli-Kette",""
"hhgyol3c","hhgyol3","Binomialverteilung",""
"hhgyol3d","hhgyol3","Zufallsgrößen und ihre Verteilungen und Kennwerte: Erwartungswert und Varianz und Standardabweichung",""
"hhgyol3e","hhgyol3","Normalverteilung",""
"hhgyol3f","hhgyol3","Endliche Markoff-Ketten",""
"hhgyol3g","hhgyol3","Normalverteilung",""
"hhgyol3h","hhgyol3","Grenzwert","Bound"
"hhgyol3i","hhgyol3","Grenzwertsätze",""
"hhgyol3j","hhgyol3","Axiomensystem von Kolmogorow",""
"hhgyol3k","hhgyol3","kennen endliche Markoff-Ketten",""
"hhgyol4","hhgyol","L4 - Änderungsraten und Bestände",""
"hhgyol4a","hhgyol4","Ableitungsregeln",""
"hhgyol4b","hhgyol4","Ableitungsfunktion",""
"hhgyol4c","hhgyol4","Differenzierbarkeit",""
"hhgyol4d","hhgyol4","Logarithmus Funktion","Logarithmic_function"
"hhgyol4e","hhgyol4","Stammfunktion",""
"hhgyol4f","hhgyol4","Wachstum",""
"hhgyol4g","hhgyol4","Substitution",""
"hhgyol4h","hhgyol4","ableiten von Potenzfunktionen",""
"hhgyol4i","hhgyol4","ableiten von Exponentialfunktionen",""
"hhgyol4j","hhgyol4","ableiten von periodischen Funktionen",""
"hhgyol4k","hhgyol4","verstehen den Hauptsatz der Differential- und Integralrechnung",""
"hhgyol4l","hhgyol4","kennen die wichtigsten Stammfunktionen",""
"hhgyol4m","hhgyol4","kennen exponentielles und beschränktes und logistisches Wachstum mit den zugehörigen Funktional- bzw. Differentialgleichungen",""
"hhgyol4n","hhgyol4","wenden Substitution an / Integration durch S.",""
"hhgyol5","hhgyol","L5 - Analytische Geometrie",""
"hhgyol5a","hhgyol5","Vektor","Vector"
"hhgyol5b","hhgyol5","Gleichung einer Ebene","Equation_of_a_plane"
"hhgyol5c","hhgyol5","Ebene in einem Koordinatensystem","Plane_in_coordinate_system"
"hhgyol5d","hhgyol5","Lineares Gleichungssystem","Linear_equations_system"
"hhgyol5e","hhgyol5","das Skalarprodukt zur Bestimmung von Winkeln und Abständen verwenden",""
"hhgyol5f","hhgyol5","kennen ein Verfahren zur numerischen Lösung linearer Gleichungssysteme",""
"hhgyol6","hhgyol","L6 - Anwendungsprobleme der Stochastik",""
"hhgyol6a","hhgyol6","Hypothese","Hypothesis"
"hhgyol6b","hhgyol6","eine Hypothese prüfen","Test_hypothesis"
"hhgyol6c","hhgyol6","verstehen die Bayes’sche Entscheidungstheorie",""
"hhgyol6d","hhgyol6","verstehen Signifikanz",""
"hhgyol6e","hhgyol6","was Korrelation bedeutet und verstehen","Understand_correlation "
"hhgyol6f","hhgyol6","verstehen Kausalität",""
"hhgyol6g","hhgyol6","den Satz von der totalen Wahrscheinlichkeit kennen",""
