"ID","PID","Titel","Sleutelwoorden"
"GRB_0","0","Getal en Ruimte vwo B editie 2003",
"GRB_1","GRB_0","Functies en grafieken",
"GRB_1.1","GRB_1","Lineaire formules",
"GRB_1.2","GRB_1","Functies onderzoeken",
"GRB_1.3","GRB_1","Vergelijkingen en ongelijkheden",
"GRB_1.4","GRB_1","Toepassingen van functies",
"GRB_1.5","GRB_1","Overzicht",
"GRB_10","GRB_0","Meetkunde",
"GRB_10.1","GRB_10","Afstanden en hoeken",
"GRB_10.2","GRB_10","Oppervlakte",
"GRB_10.3","GRB_10","De sinusregel en de cosinusregel",
"GRB_10.4","GRB_10","Vectoren",
"GRB_10.5","GRB_10","Aanzichten en doorsneden",
"GRB_10.6","GRB_10","Overzicht",
"GRB_11","GRB_0","Goniometrische functies",
"GRB_11.1","GRB_11","De eenheidscirkel",
"GRB_11.2","GRB_11","Radialen",
"GRB_11.3","GRB_11","Transformaties bij sinusoiden",
"GRB_11.4","GRB_11","Sinusoiden tekenen",
"GRB_11.5","GRB_11","Overzicht",
"GRB_12","GRB_0","Exponentiele en logaritmische functies",
"GRB_12.1","GRB_12","Exponentiele vergelijkingen",
"GRB_12.2","GRB_12","Logaritmische vergelijkingen",
"GRB_12.3","GRB_12","Het grondgetal e",
"GRB_12.4","GRB_12","De kettingregel",
"GRB_12.5","GRB_12","De natuurlijke logaritme",
"GRB_12.6","GRB_12","Overzicht",
"GRB_13","GRB_0","Mathematische statistiek",
"GRB_13.1","GRB_13","Kansberekeningen",
"GRB_13.2","GRB_13","De verwachtingswaarde",
"GRB_13.3","GRB_13","Vuistregels bij de normale verdeling",
"GRB_13.4","GRB_13","Oppervlakten onder normaalkrommen",
"GRB_13.5","GRB_13","Toepassingen van de normale verdeling",
"GRB_13.6","GRB_13","De normale verdeling op de computer",
"GRB_13.7","GRB_13","Overzicht",
"GRB_14","GRB_0","Integraalrekening",
"GRB_14.1","GRB_14","Riemann-sommen",
"GRB_14.2","GRB_14","Oppervlakten en inhouden",
"GRB_14.3","GRB_14","Primitieve functies",
"GRB_14.4","GRB_14","Bijzondere integralen",
"GRB_14.5","GRB_14","Overzicht",
"GRB_15","GRB_0","Afgeleide en tweede afgeleide",
"GRB_15.1","GRB_15","Raaklijnen aan krommen",
"GRB_15.2","GRB_15","Rakende grafieken",
"GRB_15.3","GRB_15","Buigpunten",
"GRB_15.4","GRB_15","Toepassingen van de tweede afgeleide",
"GRB_15.5","GRB_15","Overzicht",
"GRB_16","GRB_0","Goniometrie",
"GRB_16.1","GRB_16","Goniometrische formules",
"GRB_16.2","GRB_16","Goniometrische vergelijkingen",
"GRB_16.3","GRB_16","Goniometrische functies differentieren",
"GRB_16.4","GRB_16","Goniometrische functies integreren",
"GRB_16.5","GRB_16","Overzicht",
"GRB_17","GRB_0","Continue dynamische modellen",
"GRB_17.1","GRB_17","Dynamische modellen",
"GRB_17.2","GRB_17","Differentiaalvergelijkingen",
"GRB_17.3","GRB_17","De methode van Euler",
"GRB_17.4","GRB_17","Differentiaalvergelijkingen oplossen",
"GRB_17.5","GRB_17","Overzicht",
"GRB_18","GRB_0","Kansverdelingen en toetsen van hypothesen",
"GRB_18.1","GRB_18","Binomiale kansexperimenten",
"GRB_18.2","GRB_18","De normale verdeling",
"GRB_18.3","GRB_18","De wortel n -wet",
"GRB_18.4","GRB_18","Beslissen op grond van een steekproef",
"GRB_18.5","GRB_18","Eenzijdig en tweezijdig toetsen",
"GRB_18.6","GRB_18","Overzicht",
"GRB_19","GRB_0","Goniometrie en beweging",
"GRB_19.1","GRB_19","Eenparige cirkelbewegingen",
"GRB_19.2","GRB_19","Trillingen",
"GRB_19.3","GRB_19","Lissajous figuren",
"GRB_19.4","GRB_19","Snelheden bij krommen",
"GRB_19.5","GRB_19","Overzicht",
"GRB_2","GRB_0","Combinatoriek",
"GRB_2.1","GRB_2","Telproblemen visualiseren",
"GRB_2.2","GRB_2","De vermenigvuldigingsregel",
"GRB_2.3","GRB_2","Permutaties en combinaties",
"GRB_2.4","GRB_2","De driehoek van Pascal",
"GRB_2.5","GRB_2","Overzicht",
"GRB_20","GRB_0","Toepassingen",
"GRB_20.1","GRB_20","Oppervlakten en afstanden bij grafieken",
"GRB_20.2","GRB_20","Optimaliseringsproblemen",
"GRB_20.3","GRB_20","Goniometrische modellen",
"GRB_20.4","GRB_20","Integralen bij snelheid en zwaartepunt",
"GRB_20.5","GRB_20","Omwentelingslichamen",
"GRB_20.6","GRB_20","Formules in de kansrekening",
"GRB_20.7","GRB_20","Overzicht",
"GRB_21","GRB_0","Bewijzen in de vlakke meetkunde",
"GRB_21.1","GRB_21","Definities en stellingen",
"GRB_21.2","GRB_21","Bewijzen in driehoeken",
"GRB_21.3","GRB_21","Koordenvierhoeken",
"GRB_21.4","GRB_21","Omtrekshoeken en middelpuntshoeken",
"GRB_21.5","GRB_21","Overzicht",
"GRB_22","GRB_0","Rijen en formules",
"GRB_22.1","GRB_22","Recurrente betrekkingen",
"GRB_22.2","GRB_22","Grafieken van rijen",
"GRB_22.3","GRB_22","Som- en verschilrijen",
"GRB_22.4","GRB_22","Overzicht",
"GRB_23","GRB_0","Afstanden, grenzen en gebieden",
"GRB_23.1","GRB_23","Voronoi-diagrammen",
"GRB_23.2","GRB_23","Iso-afstandslijnen",
"GRB_23.3","GRB_23","Afstanden in driehoeken",
"GRB_23.4","GRB_23","Kortste routes en grootste kijkhoeken",
"GRB_23.5","GRB_23","Overzicht",
"GRB_24","GRB_0","Rijen en convergentie",
"GRB_24.1","GRB_24","Convergentie en limieten",
"GRB_24.2","GRB_24","Rijen met Getal en Grafiek",
"GRB_24.3","GRB_24","Limieten berekenen",
"GRB_24.4","GRB_24","Standaardlimieten",
"GRB_24.5","GRB_24","Rijen en functies",
"GRB_24.6","GRB_24","Overzicht",
"GRB_25","GRB_0","Meetkundige plaatsen",
"GRB_25.1","GRB_25","Conflictlijnen",
"GRB_25.2","GRB_25","Werken met conflictlijnen",
"GRB_25.3","GRB_25","Raaklijneigenschappen",
"GRB_25.4","GRB_25","Overzicht",
"GRB_3","GRB_0","Machtsfuncties",
"GRB_3.1","GRB_3","Hogeremachtswortels",
"GRB_3.2","GRB_3","Machten met gehele en gebroken exponenten",
"GRB_3.3","GRB_3","Grafieken veranderen",
"GRB_3.4","GRB_3","Wortelfuncties",
"GRB_3.5","GRB_3","Gebroken functies",
"GRB_3.6","GRB_3","Overzicht",
"GRB_4","GRB_0","Kansrekening",
"GRB_4.1","GRB_4","Het kansbegrip",
"GRB_4.2","GRB_4","Simuleren met VU-Stat",
"GRB_4.3","GRB_4","Voorwaardelijke kansen",
"GRB_4.4","GRB_4","Het vaasmodel",
"GRB_4.5","GRB_4","De somregel en de complementregel",
"GRB_4.6","GRB_4","Overzicht",
"GRB_5","GRB_0","De afgeleide functie",
"GRB_5.1","GRB_5","Toenamendiagrammen",
"GRB_5.2","GRB_5","Het differentiequotient",
"GRB_5.3","GRB_5","Raaklijnen en snelheden",
"GRB_5.4","GRB_5","Hellingfuncties",
"GRB_5.5","GRB_5","Toepassingen van de afgeleide",
"GRB_5.6","GRB_5","Overzicht",
"GRB_6","GRB_0","Kansverdelingen",
"GRB_6.1","GRB_6","De productregel",
"GRB_6.2","GRB_6","Het herhalen van kansexperimenten",
"GRB_6.3","GRB_6","Trekken met en zonder terugleggen",
"GRB_6.4","GRB_6","Toevalsvariabelen",
"GRB_6.5","GRB_6","De binomiale verdeling",
"GRB_6.6","GRB_6","Overzicht",
"GRB_7","GRB_0","Exponenten en logaritmen",
"GRB_7.1","GRB_7","Exponentiele groei",
"GRB_7.2","GRB_7","Groeifactoren",
"GRB_7.3","GRB_7","De standaardfunctie y = g^x",
"GRB_7.4","GRB_7","Logaritmen",
"GRB_7.5","GRB_7","Logaritmisch papier",
"GRB_7.6","GRB_7","Logaritmische schalen met Excel",
"GRB_7.7","GRB_7","Overzicht",
"GRB_8","GRB_0","Getallenrijen",
"GRB_8.1","GRB_8","Directe en recursieve formules",
"GRB_8.2","GRB_8","Rekenkundige rijen",
"GRB_8.3","GRB_8","Meetkundige rijen",
"GRB_8.4","GRB_8","Som- en verschilrijen",
"GRB_8.5","GRB_8","Overzicht",
"GRB_9","GRB_0","Differentiaal rekening",
"GRB_9.1","GRB_9","Limiet en afgeleide",
"GRB_9.2","GRB_9","De afgeleide van gebroken functies",
"GRB_9.3","GRB_9","De afgeleide van machtsfuncties",
"GRB_9.4","GRB_9","Raaklijnen en toppen",
"GRB_9.5","GRB_9","Formules met een parameter",
"GRB_9.6","GRB_9","Overzicht",
"GRB_E","GRB_0","Examenopgaven",
"GRB_G","GRB_0","Gemengde opgaven",
"GRB_V","GRB_0","Voorkennis",
"GRB_V.1","GRB_V","Rijen",
"GRB_V.2","GRB_V","Somrijen",
